Industry,Country,$ Raised (mm),Stage,year,will_layoff
19,63,56.0,0,2025,0
24,27,1200.0,1,2025,1
28,24,1300.0,10,2025,1
8,63,1100.0,1,2025,0
10,24,44.0,5,2025,1
28,7,402.0,1,2025,1
7,56,734.0,2,2025,1
0,63,445.0,7,2025,0
28,63,780.0,1,2025,0
20,63,110.0,1,2025,0
19,24,1700.0,13,2025,1
13,63,17.0,4,2025,1
0,27,28.0,4,2025,1
24,63,8100.0,1,2025,1
20,63,1.0,1,2025,1
6,63,227.0,1,2025,1
3,63,0.0,1,2025,1
26,63,1200.0,1,2025,1
5,7,1100.0,1,2025,1
20,24,3.0,3,2025,1
7,7,370.0,15,2025,0
26,27,322.0,15,2025,1
17,24,32.0,5,2025,0
20,62,0.0,15,2025,1
8,63,109.0,0,2025,0
5,63,0.0,1,2025,1
3,63,2.0,1,2025,1
7,63,583.0,1,2025,0
29,63,3300.0,1,2025,0
20,63,238.0,15,2025,0
12,63,0.0,15,2025,0
28,24,1300.0,10,2025,1
0,63,1100.0,7,2025,1
3,63,26000.0,1,2025,1
12,63,12.0,1,2025,1
8,24,125.0,7,2025,1
28,63,467.0,8,2025,1
18,63,1600.0,1,2025,1
3,63,3.0,3,2025,1
20,24,484.0,9,2025,1
29,63,839.0,1,2025,0
16,63,593.0,7,2025,1
3,63,26.0,1,2025,0
18,63,99.0,1,2025,0
14,27,0.0,3,2025,0
25,27,8.0,3,2025,0
27,63,862.0,1,2025,1
22,62,0.0,15,2025,0
20,63,986.0,8,2025,1
3,1,2500.0,15,2025,1
5,1,0.0,3,2025,0
7,55,13800.0,15,2025,1
6,63,426.0,1,2025,0
5,63,3000.0,1,2025,1
8,63,150.0,1,2025,1
20,63,770.0,7,2025,1
5,63,47.0,5,2025,1
18,63,145.0,0,2025,1
18,63,0.0,1,2025,1
10,63,367.0,1,2025,1
26,27,0.0,0,2025,1
26,63,100.0,5,2025,1
0,27,48.0,5,2025,1
28,62,629.0,1,2025,0
16,63,50.0,0,2025,0
24,19,1700.0,1,2025,1
12,63,1400.0,1,2025,1
3,63,0.0,0,2025,1
18,63,16.0,1,2025,1
28,24,1700.0,1,2025,1
3,63,294.0,9,2025,0
24,24,2.0,0,2025,0
12,63,0.0,1,2025,1
10,63,284.0,0,2025,1
20,63,0.0,1,2025,1
20,63,105.0,1,2025,1
3,63,26.0,1,2025,0
8,63,263.0,8,2025,1
24,27,1200.0,1,2025,1
24,19,119.0,6,2025,0
11,63,40.0,1,2025,0
29,63,3300.0,1,2025,0
26,63,335.0,2,2025,1
13,63,28.0,4,2025,0
24,63,93.0,1,2025,1
3,29,0.0,1,2025,0
27,63,85.0,0,2025,1
7,27,8.0,15,2025,0
3,63,400.0,8,2025,1
10,39,43.0,4,2025,1
24,63,229.0,1,2025,0
0,62,37.0,4,2025,1
1,27,140.0,0,2025,0
1,63,167.0,15,2025,1
16,39,64.0,15,2025,1
26,63,125.0,0,2025,0
22,63,320.0,1,2025,1
8,62,700.0,8,2025,1
28,63,403.0,7,2025,0
20,63,1300.0,1,2025,0
3,63,26000.0,1,2025,1
8,63,300.0,1,2025,1
11,63,160.0,15,2025,1
20,37,1100.0,6,2025,1
27,63,429.0,1,2025,1
26,27,18.0,5,2025,0
11,63,230.0,1,2025,1
18,63,394.0,1,2025,1
3,63,455.0,1,2025,1
17,7,151.0,15,2025,1
0,27,57.0,5,2025,1
0,63,395.0,7,2025,1
28,63,15000.0,0,2025,1
26,63,1200.0,1,2025,1
5,63,293.0,15,2025,1
20,63,453.0,1,2025,1
29,63,3.0,1,2025,1
12,63,12.0,1,2025,1
25,63,65.0,1,2025,1
8,63,123.0,6,2025,1
8,63,20.0,4,2025,0
5,63,267.0,15,2025,1
24,63,8100.0,1,2025,0
24,63,50.0,2,2025,1
3,27,425.0,15,2025,0
8,63,8700.0,12,2025,1
21,7,7.0,3,2025,0
27,45,91.0,6,2025,1
24,19,205.0,6,2025,1
19,24,212.0,7,2025,1
7,63,523.0,7,2025,1
23,19,62.0,5,2025,1
18,63,1600.0,1,2025,1
18,24,222.0,7,2025,1
23,63,42.0,15,2025,1
8,63,31.0,15,2025,0
20,63,1.0,1,2025,0
19,63,0.0,0,2025,0
8,63,7.0,3,2025,0
24,55,56.0,1,2025,0
24,19,1700.0,1,2025,1
16,63,76.0,5,2025,1
22,63,97.0,1,2025,0
2,63,451.0,5,2025,1
22,63,320.0,1,2025,1
8,63,449.0,8,2025,1
26,63,325.0,8,2025,0
20,63,0.0,15,2025,0
20,63,1.0,1,2025,0
7,27,155.0,1,2025,1
8,63,27.0,5,2025,0
20,24,484.0,9,2024,1
13,63,43.0,5,2024,0
10,18,7.0,0,2024,0
8,7,109.0,6,2024,1
1,19,1400.0,1,2024,1
12,27,0.0,15,2024,0
13,63,42.0,5,2024,0
19,63,134.0,0,2024,0
10,24,0.0,4,2024,0
5,55,17.0,1,2024,0
3,63,6.0,0,2024,0
4,63,0.0,14,2024,1
20,63,351.0,5,2024,1
28,63,300.0,1,2024,1
24,63,381.0,15,2024,0
20,63,238.0,15,2024,0
8,27,769.0,15,2024,1
18,19,11.0,5,2024,0
22,63,440.0,7,2024,0
24,51,375.0,15,2024,1
20,63,2.0,3,2024,0
4,63,1100.0,2,2024,1
19,63,307.0,9,2024,0
8,63,480.0,15,2024,1
29,63,2800.0,1,2024,1
6,63,426.0,1,2024,0
18,27,60.0,8,2024,1
24,7,1200.0,1,2024,1
16,39,85.0,5,2024,1
8,24,35.0,15,2024,1
7,27,155.0,1,2024,1
20,63,1400.0,9,2024,1
18,63,111.0,1,2024,0
28,24,1700.0,1,2024,1
18,19,256.0,0,2024,1
29,7,730.0,15,2024,0
23,63,154.0,0,2024,1
13,63,216.0,15,2024,0
5,63,507.0,0,2024,0
8,62,321.0,8,2024,1
20,14,0.0,15,2024,1
19,24,71.0,6,2024,1
12,63,0.0,1,2024,1
18,63,1600.0,1,2024,1
6,63,227.0,1,2024,1
13,63,325.0,8,2024,1
13,63,910.0,9,2024,1
14,63,214.0,0,2024,0
6,24,0.0,3,2024,0
7,63,116.0,1,2024,1
13,63,1100.0,1,2024,1
13,63,450.0,15,2024,1
20,63,214.0,15,2024,1
24,63,224.0,1,2024,0
29,63,0.0,0,2024,0
1,63,4.0,3,2024,0
27,63,484.0,1,2024,1
10,37,129.0,0,2024,1
22,63,1900.0,1,2024,1
26,63,35.0,1,2024,1
20,63,0.0,0,2024,1
11,19,724.0,8,2024,1
3,63,30.0,1,2024,1
25,63,489.0,10,2024,1
20,63,700.0,1,2024,0
3,63,2.0,14,2024,0
21,27,35.0,0,2024,1
20,27,102.0,5,2024,1
13,63,417.0,9,2024,1
10,63,626.0,15,2024,0
3,63,0.0,0,2024,0
20,63,1700.0,1,2024,1
4,63,134.0,15,2024,1
20,63,476.0,6,2024,1
4,63,726.0,7,2024,1
26,63,0.0,1,2024,1
14,63,436.0,6,2024,0
4,63,87.0,6,2024,0
6,63,458.0,1,2024,1
28,63,548.0,15,2024,0
7,63,844.0,15,2024,0
12,40,0.0,15,2024,0
18,34,0.0,15,2024,1
20,63,168.0,1,2024,0
26,63,49.0,0,2024,1
19,18,22.0,6,2024,1
11,63,140.0,5,2024,0
8,63,0.0,15,2024,0
3,63,26000.0,1,2024,0
5,63,23.0,0,2024,1
18,63,1600.0,1,2024,1
21,63,19.0,4,2024,0
3,25,9400.0,15,2024,1
28,63,3300.0,1,2024,1
25,24,17.0,4,2024,0
23,63,0.0,0,2024,1
24,63,8.0,3,2024,0
23,63,0.0,15,2024,0
10,63,94.0,15,2024,0
24,24,19.0,4,2024,1
10,62,300.0,5,2024,0
3,63,202.0,7,2024,1
18,63,63.0,1,2024,1
20,63,82.0,1,2024,0
18,63,1600.0,1,2024,1
25,63,75.0,5,2024,1
13,63,220.0,7,2024,0
16,63,2400.0,8,2024,0
5,12,6.0,15,2024,1
8,7,331.0,15,2024,1
10,39,43.0,4,2024,1
18,63,99.0,1,2024,1
24,51,4100.0,2,2024,1
14,59,0.0,15,2024,0
10,24,1.0,3,2024,0
26,63,328.0,6,2024,1
8,63,77.0,5,2024,1
16,63,92.0,2,2024,1
26,63,0.0,1,2024,0
7,55,13800.0,15,2024,1
10,63,184.0,1,2024,0
13,63,185.0,7,2024,1
24,63,47.0,0,2024,1
28,63,780.0,1,2024,0
13,63,0.0,5,2024,0
28,26,0.0,0,2024,1
6,7,483.0,7,2024,0
8,18,0.0,6,2024,1
6,24,0.0,0,2024,1
12,63,0.0,1,2024,0
9,2,0.0,0,2024,1
20,63,1.0,1,2024,1
18,63,187.0,7,2024,0
6,63,311.0,1,2024,1
28,27,2100.0,1,2024,1
0,24,0.0,3,2024,0
7,63,19.0,15,2024,0
20,37,64.0,0,2024,1
8,63,102.0,6,2024,1
24,63,75.0,15,2024,1
10,63,343.0,15,2024,0
17,63,1400.0,15,2024,1
14,63,110.0,6,2024,1
28,63,4900.0,1,2024,1
1,63,479.0,15,2024,0
4,19,380.0,15,2024,0
13,24,26.0,4,2024,1
10,24,458.0,15,2024,1
0,63,150.0,4,2024,1
3,63,42.0,5,2024,1
12,63,1200.0,1,2024,1
12,10,0.0,1,2024,1
13,63,213.0,4,2024,1
17,63,305.0,1,2024,1
13,24,14.0,4,2024,0
8,63,0.0,15,2024,0
14,7,63.0,0,2024,0
22,63,320.0,1,2024,1
24,63,43.0,5,2024,0
10,7,8.0,0,2024,1
27,63,862.0,1,2024,1
10,24,54.0,15,2024,0
3,63,288.0,1,2024,1
22,63,40.0,4,2024,0
6,7,389.0,7,2024,1
18,63,0.0,15,2024,1
24,63,125.0,5,2024,0
10,63,64.0,5,2024,0
18,63,1600.0,1,2024,1
17,27,23.0,15,2024,1
12,63,254.0,8,2024,0
24,19,158.0,1,2024,0
14,63,110.0,15,2024,0
24,7,10.0,5,2024,0
3,63,455.0,1,2024,1
13,63,0.0,1,2024,1
13,63,90.0,5,2024,0
6,39,0.0,0,2024,0
8,63,172.0,6,2024,0
14,63,2.0,1,2024,1
18,63,667.0,9,2024,1
23,63,93.0,0,2024,1
17,63,41.0,15,2024,0
20,63,115.0,15,2024,1
14,63,219.0,1,2024,0
3,63,557.0,1,2024,1
15,63,952.0,1,2024,0
19,63,57.0,0,2024,1
28,30,6.0,15,2024,0
5,63,0.0,1,2024,0
17,19,1500.0,1,2024,1
3,63,652.0,15,2024,1
12,63,0.0,1,2024,0
18,24,222.0,7,2024,1
12,63,12.0,1,2024,1
20,63,700.0,1,2024,1
28,63,329.0,7,2024,0
3,63,100.0,0,2024,1
10,19,9900.0,1,2024,1
3,63,0.0,1,2024,0
8,63,105.0,1,2024,0
7,63,124.0,15,2024,1
13,27,86.0,15,2024,0
19,24,212.0,7,2024,1
10,24,363.0,15,2024,1
18,63,335.0,6,2024,0
19,63,4.0,0,2024,1
0,7,935.0,7,2024,1
6,24,4.0,3,2024,0
3,63,4100.0,8,2024,1
24,63,0.0,14,2024,0
26,63,325.0,8,2024,1
26,27,61.0,15,2024,1
3,63,7.0,3,2024,0
24,63,81.0,15,2024,1
26,63,0.0,2,2024,0
18,7,39.0,0,2024,0
7,27,155.0,1,2024,1
25,63,65.0,1,2024,1
19,55,2100.0,1,2024,1
8,41,20.0,0,2024,0
22,63,0.0,2,2024,0
8,63,18.0,1,2024,1
19,63,51.0,0,2024,1
26,63,0.0,14,2024,0
20,63,2000.0,1,2024,1
11,63,0.0,15,2024,1
5,7,1100.0,1,2024,1
20,63,1.0,1,2024,0
6,24,838.0,11,2024,1
3,24,51.0,15,2024,0
3,27,335.0,7,2024,1
10,63,598.0,15,2024,1
12,27,61.0,15,2024,1
5,55,17.0,1,2024,0
28,51,974.0,8,2024,0
29,63,77.0,0,2024,1
22,63,105.0,0,2024,1
1,63,574.0,1,2024,1
7,63,124.0,15,2024,1
24,27,1200.0,1,2024,0
18,27,76.0,1,2024,1
3,18,0.0,0,2024,0
8,39,509.0,15,2024,1
13,63,1600.0,1,2024,0
8,19,1300.0,15,2024,0
13,63,1600.0,1,2024,1
8,27,769.0,15,2024,0
10,24,54.0,15,2024,0
24,19,0.0,0,2024,1
28,27,131.0,0,2024,1
8,63,400.0,1,2024,1
8,26,216.0,1,2024,1
8,27,770.0,15,2024,1
8,63,537.0,11,2024,1
28,63,1700.0,1,2024,0
6,63,227.0,1,2024,1
14,63,396.0,5,2024,0
8,63,170.0,6,2024,0
8,63,34.0,4,2024,1
13,63,83.0,0,2024,1
7,63,54.0,5,2024,0
1,64,424.0,1,2024,1
21,63,54.0,5,2024,1
13,63,5900.0,1,2024,0
3,25,9400.0,15,2024,1
4,63,543.0,15,2024,1
10,63,39.0,4,2024,0
3,63,95.0,7,2024,0
24,19,0.0,14,2024,0
8,24,0.0,14,2024,1
20,24,1.0,15,2024,1
24,30,103.0,6,2024,1
28,63,214.0,15,2024,1
8,24,72.0,5,2024,1
10,40,691.0,15,2024,1
8,27,2000.0,1,2024,1
10,27,119.0,15,2024,1
4,63,651.0,15,2024,1
18,63,117.0,1,2024,0
20,63,1.0,1,2024,1
13,27,86.0,15,2024,1
3,63,26.0,1,2024,1
8,63,67.0,5,2024,1
10,63,118.0,5,2024,0
13,63,32.0,4,2024,0
29,63,3.0,0,2024,1
14,63,0.0,15,2024,1
25,63,56.0,5,2024,1
28,63,1700.0,1,2024,0
8,62,746.0,1,2024,0
10,54,1200.0,0,2024,1
28,63,8300.0,1,2024,1
1,64,424.0,1,2024,1
18,63,390.0,10,2024,1
6,63,643.0,9,2024,1
13,63,899.0,1,2024,1
10,63,272.0,6,2024,0
3,63,0.0,0,2024,1
11,63,38.0,5,2024,0
17,29,0.0,15,2024,1
8,19,1300.0,7,2024,1
21,63,222.0,15,2024,1
10,63,3400.0,11,2024,0
28,62,39.0,0,2024,0
23,63,0.0,6,2024,0
20,63,214.0,7,2024,1
20,63,49.0,5,2024,1
8,63,3.0,15,2024,0
11,63,5.0,0,2024,1
28,63,0.0,15,2024,1
28,63,10700.0,1,2024,1
3,63,26.0,1,2024,1
20,7,148.0,6,2024,0
29,63,834.0,1,2024,1
13,27,124.0,7,2024,1
6,24,0.0,0,2024,1
8,24,72.0,5,2024,1
3,63,0.0,15,2024,1
12,63,64.0,5,2024,0
20,7,79.0,1,2024,0
20,62,1000.0,7,2024,0
7,63,516.0,1,2024,1
13,63,899.0,1,2024,1
28,63,10700.0,1,2024,1
28,63,780.0,1,2024,1
27,63,429.0,1,2024,1
4,63,932.0,1,2024,1
9,63,1900.0,1,2024,1
28,54,601.0,15,2024,1
3,63,26.0,1,2024,1
8,63,0.0,0,2024,1
8,63,38.0,5,2024,0
28,63,20200.0,1,2024,1
8,27,30.0,5,2024,1
13,63,271.0,1,2024,0
3,63,26.0,1,2024,0
10,62,1800.0,8,2024,1
28,24,5000.0,13,2024,1
28,51,974.0,8,2024,1
8,63,6.0,3,2024,0
28,63,1700.0,1,2024,0
13,24,130.0,7,2024,1
1,63,158.0,5,2024,1
18,63,145.0,5,2024,0
29,63,3300.0,1,2024,0
13,63,1400.0,8,2024,1
24,13,0.0,0,2024,1
13,63,299.0,0,2024,0
21,63,802.0,10,2024,1
22,63,35.0,5,2024,0
24,24,180.0,15,2024,1
18,4,159.0,7,2024,1
0,62,174.0,15,2024,1
14,63,400.0,15,2024,0
20,63,1.0,0,2024,0
3,63,26.0,1,2024,0
28,63,10700.0,1,2024,0
3,63,4100.0,1,2024,1
0,63,75.0,5,2024,1
28,63,20200.0,1,2024,1
18,18,61.0,1,2024,1
10,54,1200.0,0,2024,1
3,26,0.0,0,2024,1
16,63,336.0,6,2024,1
13,63,826.0,8,2024,0
13,62,89.0,5,2024,0
10,9,32.0,0,2024,1
6,24,55.0,5,2024,1
11,63,679.0,7,2024,1
12,63,12.0,1,2024,1
24,14,0.0,0,2024,1
20,63,49.0,5,2024,1
20,7,0.0,15,2024,0
7,24,24.0,5,2024,1
12,63,1200.0,1,2024,1
20,63,179.0,5,2024,0
24,7,1200.0,1,2024,1
28,63,247.0,8,2024,1
13,63,60.0,0,2024,1
24,63,108.0,1,2024,0
0,24,0.0,15,2024,0
26,63,547.0,15,2024,0
14,63,214.0,0,2024,0
10,63,24.0,0,2024,0
6,24,5500.0,2,2024,1
8,24,104.0,5,2024,0
8,39,2.0,3,2024,0
13,63,109.0,6,2024,1
26,27,52.0,4,2024,1
8,63,5.0,3,2024,0
22,63,230.0,5,2024,0
10,63,64.0,6,2024,1
8,63,79.0,4,2024,1
3,63,288.0,1,2024,0
12,63,0.0,1,2024,1
13,63,3500.0,14,2024,0
26,63,750.0,9,2024,0
24,51,355.0,9,2024,1
17,27,0.0,0,2024,1
18,24,50.0,5,2024,0
13,63,176.0,1,2024,0
7,10,0.0,15,2024,0
16,63,399.0,7,2024,1
8,63,302.0,6,2024,1
11,63,16.0,4,2024,0
3,63,33.0,1,2024,1
23,63,42.0,15,2024,1
8,63,480.0,15,2024,1
28,63,86.0,15,2024,1
12,63,0.0,1,2024,0
19,63,0.0,0,2024,1
6,63,44.0,6,2024,1
8,63,39.0,5,2024,0
6,63,0.0,0,2024,1
27,63,147.0,0,2024,0
4,63,739.0,5,2024,1
3,63,26000.0,1,2024,0
5,63,105.0,6,2024,0
20,37,1100.0,6,2024,1
7,63,966.0,15,2024,0
5,63,569.0,8,2024,0
14,63,462.0,1,2024,1
8,63,504.0,7,2024,1
28,63,390.0,5,2024,1
13,63,0.0,15,2024,1
13,24,177.0,8,2024,1
10,63,118.0,5,2024,1
8,51,175.0,5,2024,0
28,63,1700.0,1,2024,0
8,31,79.0,4,2024,0
3,63,2.0,1,2024,1
29,63,834.0,1,2024,1
13,27,86.0,15,2024,1
8,63,71.0,6,2024,1
28,63,0.0,15,2024,0
3,63,0.0,14,2024,1
3,63,313.0,1,2024,1
22,51,676.0,1,2024,1
28,63,1200.0,1,2024,0
29,63,3300.0,1,2024,1
10,24,363.0,15,2024,1
24,51,0.0,15,2024,0
13,63,315.0,6,2024,1
13,63,522.0,7,2024,1
19,63,1600.0,15,2024,0
8,63,1500.0,1,2024,1
24,1,30.0,15,2024,1
19,63,696.0,1,2024,0
28,63,10700.0,1,2024,0
28,44,8.0,1,2024,1
24,62,5.0,4,2024,1
24,63,0.0,15,2024,0
4,62,3.0,0,2024,0
10,63,274.0,6,2024,0
24,62,1700.0,0,2024,1
28,63,515.0,7,2024,1
10,63,962.0,1,2024,1
29,63,839.0,1,2024,1
15,63,161.0,6,2024,1
3,55,312.0,1,2024,1
10,63,118.0,5,2024,1
5,63,10.0,3,2024,0
28,63,303.0,7,2024,0
14,63,2.0,1,2024,1
8,24,16.0,4,2024,1
24,63,181.0,7,2024,0
10,63,2900.0,1,2024,1
13,63,315.0,15,2024,1
3,63,2.0,15,2024,1
20,63,137.0,1,2024,1
24,63,229.0,1,2024,1
3,27,15.0,4,2024,0
3,19,0.0,0,2024,0
28,27,37.0,15,2024,0
19,63,525.0,1,2024,1
10,24,490.0,9,2024,1
24,24,20.0,4,2024,1
20,63,188.0,6,2024,0
5,63,529.0,1,2024,1
7,40,247.0,1,2024,1
28,63,948.0,1,2024,0
29,63,31.0,5,2024,0
3,63,400.0,15,2024,1
4,63,1000.0,8,2024,1
26,63,565.0,1,2024,0
11,17,3.0,3,2024,0
25,63,536.0,1,2024,1
24,63,108.0,1,2024,1
17,63,133.0,8,2024,0
3,63,4900.0,1,2024,1
24,63,119.0,0,2024,1
8,63,119.0,5,2024,1
25,63,361.0,2,2024,1
13,63,13.0,4,2024,0
3,63,18.0,0,2024,0
8,24,4.0,3,2024,0
13,63,218.0,15,2024,0
9,63,619.0,6,2024,0
13,63,899.0,1,2024,1
6,7,234.0,8,2024,1
28,55,74.0,15,2024,0
10,62,10.0,15,2024,0
8,62,41.0,15,2024,0
26,63,1200.0,1,2024,1
20,63,276.0,1,2024,1
13,63,28.0,1,2024,1
4,8,451.0,15,2024,1
20,63,1200.0,9,2024,0
26,63,885.0,0,2024,1
24,63,152.0,8,2024,1
21,63,315.0,9,2024,1
24,63,26.0,0,2024,1
28,27,547.0,1,2024,1
19,63,0.0,15,2024,0
8,63,647.0,1,2024,0
8,63,216.0,1,2024,1
8,63,150.0,1,2024,1
29,13,107.0,15,2024,1
7,63,523.0,7,2024,1
19,7,117.0,0,2024,1
19,63,0.0,0,2024,1
9,63,657.0,9,2024,0
2,63,654.0,1,2024,0
8,31,0.0,15,2024,0
3,63,30.0,1,2024,1
13,63,733.0,8,2024,1
25,7,263.0,2,2024,0
25,63,65.0,1,2024,1
16,63,2400.0,8,2024,0
21,63,0.0,7,2024,0
20,63,1.0,1,2024,1
10,24,3600.0,15,2024,1
16,63,299.0,5,2024,1
18,63,187.0,7,2024,1
18,63,27.0,5,2024,1
19,63,56.0,0,2024,0
8,39,0.0,15,2024,0
20,63,332.0,1,2024,0
9,24,635.0,9,2024,1
11,19,724.0,8,2024,1
19,55,275.0,1,2024,1
28,63,3700.0,1,2024,0
20,63,811.0,1,2024,0
18,63,100.0,1,2024,0
20,19,1300.0,1,2024,1
24,63,1200.0,1,2024,1
28,63,1300.0,1,2024,1
8,63,1500.0,7,2024,1
9,24,625.0,9,2024,1
6,2,686.0,7,2024,1
19,18,22.0,6,2024,1
20,63,2.0,0,2024,1
8,62,28.0,0,2024,1
3,63,21.0,0,2024,1
8,25,534.0,7,2024,1
3,63,0.0,0,2024,1
6,63,426.0,1,2024,0
3,63,26.0,1,2024,0
8,25,534.0,7,2024,0
7,27,155.0,1,2024,1
24,63,1700.0,1,2024,1
24,63,108.0,1,2024,1
24,63,153.0,15,2024,0
24,63,79.0,1,2024,0
19,63,11.0,0,2024,1
10,19,0.0,3,2024,1
13,63,183.0,6,2024,1
28,63,9.0,0,2024,1
28,29,0.0,15,2024,0
3,63,26.0,1,2024,0
3,62,3.0,3,2024,0
5,63,500.0,0,2024,1
20,16,28.0,0,2024,1
19,63,0.0,15,2024,0
24,41,41.0,4,2024,0
14,63,82.0,15,2024,0
20,63,216.0,5,2024,0
3,19,0.0,1,2024,1
3,27,0.0,1,2024,1
3,63,995.0,11,2024,1
18,24,320.0,15,2024,1
19,63,14.0,0,2024,1
10,7,131.0,6,2024,1
5,63,274.0,9,2024,1
26,63,332.0,1,2024,1
3,27,0.0,1,2024,0
20,63,194.0,15,2024,0
11,63,140.0,5,2024,0
16,63,0.0,15,2024,0
14,63,20.0,0,2024,1
3,63,26.0,1,2024,1
3,63,0.0,1,2024,1
10,63,280.0,0,2024,1
13,63,168.0,8,2024,1
3,63,57.0,0,2024,1
24,63,108.0,1,2024,0
17,63,1400.0,15,2024,0
8,63,3000.0,1,2024,0
3,63,35.0,0,2024,1
8,63,229.0,6,2024,1
13,63,556.0,1,2024,1
18,63,197.0,15,2024,1
16,63,2700.0,14,2024,1
24,63,526.0,1,2024,1
8,63,14.0,4,2024,1
12,63,230.0,6,2024,1
7,37,0.0,1,2024,0
5,63,91.0,5,2024,0
26,29,0.0,15,2024,0
20,63,1300.0,1,2024,1
24,24,12900.0,0,2024,1
7,63,470.0,1,2024,1
16,63,263.0,7,2024,1
20,19,138.0,5,2024,1
13,7,164.0,7,2024,1
22,63,5.0,3,2024,0
8,63,91.0,5,2024,0
8,63,108.0,8,2024,0
8,63,485.0,1,2024,0
27,63,12.0,0,2024,0
13,63,826.0,1,2024,1
13,63,899.0,1,2024,1
23,63,123.0,0,2024,0
24,27,199.0,6,2024,1
21,63,356.0,9,2024,0
18,63,456.0,9,2024,0
12,63,27200.0,1,2024,1
24,51,7200.0,0,2024,1
26,27,632.0,6,2024,1
29,63,26.0,15,2024,1
19,63,0.0,15,2024,1
10,62,2000.0,1,2023,1
7,24,24.0,5,2023,0
14,63,0.0,15,2023,0
8,24,0.0,15,2023,1
12,63,12.0,1,2023,1
28,63,368.0,15,2023,0
7,63,628.0,2,2023,0
3,24,1700.0,11,2023,1
13,63,733.0,15,2023,1
24,63,52.0,1,2023,0
7,63,116.0,1,2023,1
24,24,1500.0,15,2023,1
8,62,1800.0,7,2023,1
12,10,0.0,1,2023,1
10,19,9900.0,1,2023,0
24,63,1200.0,1,2023,1
17,63,133.0,8,2023,1
19,18,22.0,6,2023,0
28,63,262.0,6,2023,0
28,63,15000.0,0,2023,1
8,19,385.0,15,2023,1
8,63,1300.0,8,2023,0
13,19,0.0,15,2023,0
22,63,76.0,5,2023,0
22,63,310.0,6,2023,0
10,63,25.0,4,2023,0
13,63,2500.0,1,2023,1
24,63,97.0,1,2023,1
17,63,0.0,1,2023,1
20,63,234.0,0,2023,1
17,63,0.0,15,2023,1
16,63,241.0,15,2023,0
18,63,172.0,15,2023,0
28,44,0.0,1,2023,1
8,63,302.0,6,2023,1
24,63,110.0,2,2023,0
13,63,694.0,1,2023,0
7,63,32.0,5,2023,0
24,63,194.0,0,2023,1
14,63,247.0,7,2023,0
6,24,76.0,0,2023,1
28,63,10700.0,1,2023,1
20,63,214.0,7,2023,0
29,63,2200.0,15,2023,1
3,63,0.0,0,2023,1
8,24,120.0,6,2023,1
8,63,2200.0,15,2023,1
21,27,35.0,5,2023,1
8,63,280.0,1,2023,0
18,19,350.0,9,2023,0
6,63,477.0,6,2023,0
8,39,3.0,3,2023,0
3,63,6.0,0,2023,0
19,55,2100.0,1,2023,1
28,63,648.0,1,2023,1
19,63,185.0,15,2023,1
22,63,6.0,3,2023,0
20,63,614.0,1,2023,0
20,63,0.0,0,2023,0
3,24,52.0,0,2023,1
8,62,700.0,8,2023,1
5,63,689.0,1,2023,0
3,63,100.0,15,2023,0
25,16,90.0,2,2023,0
19,63,307.0,9,2023,0
20,63,1300.0,1,2023,1
0,63,1100.0,9,2023,1
6,62,414.0,7,2023,0
28,19,646.0,7,2023,0
14,63,393.0,0,2023,1
3,10,9400.0,15,2023,1
28,63,390.0,5,2023,1
2,63,597.0,7,2023,0
18,24,6.0,3,2023,0
24,39,16.0,5,2023,1
22,19,214.0,15,2023,1
24,7,79.0,6,2023,1
8,24,19.0,4,2023,1
0,63,228.0,9,2023,0
10,63,167.0,1,2023,0
6,24,100.0,4,2023,1
13,63,0.0,0,2023,1
24,63,108.0,1,2023,0
2,63,0.0,15,2023,0
24,63,40.0,4,2023,0
8,62,0.0,15,2023,0
1,63,1700.0,5,2023,1
8,39,10.0,0,2023,1
11,62,223.0,7,2023,0
3,63,455.0,1,2023,0
8,46,91.0,5,2023,0
8,7,331.0,15,2023,0
22,63,347.0,6,2023,0
13,63,176.0,1,2023,0
13,63,0.0,15,2023,0
24,63,451.0,1,2023,1
1,63,316.0,1,2023,1
4,51,0.0,15,2023,1
13,24,245.0,7,2023,0
17,63,347.0,1,2023,0
26,63,128.0,0,2023,0
24,63,108.0,1,2023,1
29,63,3.0,1,2023,1
10,63,626.0,15,2023,0
11,63,1100.0,10,2023,0
13,63,1900.0,15,2023,0
20,24,7.0,3,2023,0
3,63,4900.0,1,2023,1
24,63,108.0,1,2023,0
24,63,224.0,1,2023,0
22,63,1300.0,15,2023,0
3,63,26.0,1,2023,0
8,63,766.0,1,2023,1
22,63,97.0,1,2023,1
3,63,736.0,1,2023,0
22,63,151.0,6,2023,0
4,63,640.0,15,2023,0
22,63,35.0,5,2023,0
12,10,0.0,5,2023,0
20,63,62.0,0,2023,0
26,63,0.0,1,2023,1
28,10,7200.0,1,2023,0
4,63,427.0,6,2023,0
20,63,366.0,1,2023,1
10,63,122.0,1,2023,1
2,63,200.0,7,2023,0
22,63,472.0,7,2023,0
5,56,84.0,1,2023,0
5,63,0.0,1,2023,1
5,63,2400.0,1,2023,1
24,63,1700.0,10,2023,1
11,63,106.0,5,2023,1
13,63,856.0,11,2023,0
23,19,0.0,0,2023,1
20,63,153.0,5,2023,1
8,63,116.0,5,2023,0
8,63,1300.0,1,2023,1
6,24,0.0,14,2023,1
24,63,453.0,15,2023,1
26,17,0.0,1,2023,1
24,24,0.0,4,2023,1
26,63,391.0,9,2023,0
6,62,414.0,7,2023,0
16,63,76.0,5,2023,0
12,63,365.0,9,2023,1
3,63,1.0,3,2023,0
24,63,65.0,0,2023,0
4,62,0.0,15,2023,1
3,10,0.0,14,2023,1
13,63,218.0,15,2023,1
8,63,67.0,5,2023,1
13,63,218.0,15,2023,0
16,63,1100.0,8,2023,1
25,63,32.0,0,2023,1
15,63,951.0,1,2023,1
5,7,16.0,4,2023,1
24,18,705.0,9,2023,1
3,63,26.0,1,2023,1
20,37,64.0,4,2023,1
13,63,38.0,5,2023,1
24,24,0.0,3,2023,0
2,63,9.0,3,2023,0
28,55,391.0,6,2023,0
29,63,3300.0,1,2023,1
28,63,5500.0,14,2023,0
23,63,154.0,0,2023,1
24,24,112.0,6,2023,1
8,63,537.0,11,2023,1
29,63,229.0,0,2023,1
20,63,0.0,0,2023,1
23,63,153.0,0,2023,0
3,62,0.0,0,2023,0
6,24,61.0,5,2023,1
16,63,2400.0,8,2023,0
13,63,0.0,15,2023,0
12,63,0.0,1,2023,1
8,63,392.0,1,2023,1
5,63,272.0,1,2023,1
0,63,86.0,5,2023,1
26,56,658.0,2,2023,0
8,5,727.0,7,2023,1
24,63,79.0,1,2023,1
13,63,522.0,7,2023,1
1,63,167.0,15,2023,1
8,63,0.0,15,2023,0
3,63,0.0,0,2023,0
29,63,0.0,2,2023,1
12,63,39.0,1,2023,1
8,63,54.0,2,2023,1
3,63,42.0,5,2023,0
8,63,86.0,15,2023,0
28,63,504.0,1,2023,0
4,63,450.0,15,2023,0
7,63,516.0,1,2023,1
24,24,315.0,8,2023,1
6,63,8.0,0,2023,1
23,63,0.0,6,2023,1
28,62,629.0,1,2023,0
4,18,577.0,6,2023,0
20,63,400.0,0,2023,1
29,7,730.0,15,2023,1
28,63,916.0,1,2023,0
8,63,150.0,1,2023,0
3,63,26000.0,1,2023,0
7,62,0.0,15,2023,0
18,63,152.0,6,2023,0
3,63,35.0,0,2023,0
4,63,536.0,9,2023,1
8,63,50.0,5,2023,1
4,63,70.0,7,2023,1
26,63,428.0,1,2023,0
28,19,127.0,1,2023,0
8,63,123.0,5,2023,1
8,19,1700.0,8,2023,1
11,7,5.0,4,2023,1
18,7,178.0,7,2023,0
3,63,6400.0,15,2023,1
9,63,75.0,0,2023,1
6,63,426.0,1,2023,0
24,63,0.0,0,2023,0
3,63,4900.0,1,2023,1
8,24,137.0,6,2023,1
10,24,458.0,15,2023,1
16,63,263.0,7,2023,1
27,63,497.0,7,2023,0
20,63,170.0,8,2023,1
10,63,465.0,15,2023,1
30,63,51.0,5,2023,1
3,63,857.0,1,2023,1
10,51,749.0,0,2023,0
19,62,14.0,4,2023,0
24,24,390.0,8,2023,1
13,63,0.0,0,2023,1
8,63,5600.0,1,2023,0
8,24,4.0,3,2023,0
25,63,489.0,10,2023,0
22,63,0.0,15,2023,0
10,63,10.0,3,2023,0
14,63,2.0,1,2023,1
10,63,7.0,3,2023,0
13,63,438.0,1,2023,1
10,7,131.0,6,2023,1
8,24,30.0,4,2023,0
21,63,1400.0,9,2023,1
16,63,817.0,15,2023,1
18,63,456.0,9,2023,1
4,63,112.0,4,2023,0
3,63,26.0,1,2023,1
13,63,301.0,1,2023,0
29,63,224.0,9,2023,1
4,63,0.0,14,2023,1
6,7,389.0,7,2023,1
22,19,71.0,15,2023,1
26,63,296.0,15,2023,1
20,16,42.0,4,2023,1
8,63,468.0,11,2023,1
22,63,180.0,5,2023,1
10,63,94.0,15,2023,1
20,63,0.0,15,2023,0
8,37,928.0,6,2023,0
11,63,224.0,6,2023,0
17,63,1400.0,15,2023,0
18,63,46.0,2,2023,0
18,63,107.0,0,2023,1
8,25,67.0,15,2023,0
19,63,208.0,1,2023,1
26,63,125.0,0,2023,1
22,63,905.0,15,2023,0
1,63,167.0,15,2023,0
13,63,31.0,1,2023,0
29,5,0.0,15,2023,1
13,63,238.0,1,2023,1
24,63,40.0,3,2023,1
23,7,150.0,5,2023,0
13,20,90.0,7,2023,1
8,16,11.0,4,2023,1
28,63,149.0,7,2023,1
8,24,187.0,6,2023,1
8,63,304.0,7,2023,0
20,63,3.0,3,2023,0
10,13,0.0,0,2023,0
11,63,0.0,1,2023,1
13,63,464.0,7,2023,1
26,63,80.0,5,2023,1
29,63,3300.0,1,2023,0
21,63,0.0,7,2023,0
20,63,198.0,15,2023,1
24,24,10.0,0,2023,1
13,24,14.0,4,2023,1
13,62,217.0,15,2023,1
21,63,1.0,3,2023,1
13,24,14.0,15,2023,1
29,5,0.0,15,2023,0
17,63,2000.0,1,2023,1
4,24,301.0,6,2023,1
4,63,4.0,3,2023,0
0,22,2600.0,1,2023,0
23,63,103.0,7,2023,1
6,24,121.0,15,2023,1
26,63,89.0,1,2023,0
18,63,4.0,15,2023,1
19,24,88.0,15,2023,0
11,63,220.0,5,2023,1
26,16,192.0,6,2023,1
8,63,220.0,1,2023,1
12,63,0.0,15,2023,1
8,30,54.0,6,2023,0
23,19,0.0,15,2023,0
10,62,1800.0,8,2023,1
4,24,247.0,7,2023,0
0,27,72.0,5,2023,0
24,25,33.0,4,2023,0
20,63,154.0,1,2023,0
4,63,55.0,4,2023,0
13,63,196.0,6,2023,0
10,30,157.0,6,2023,1
3,24,0.0,15,2023,1
19,24,0.0,14,2023,1
26,55,42.0,15,2023,1
21,63,77.0,15,2023,0
20,63,72.0,6,2023,0
13,63,28.0,1,2023,1
22,63,30.0,1,2023,1
12,63,12.0,1,2023,1
19,27,111.0,5,2023,1
21,63,315.0,9,2023,0
28,63,297.0,15,2023,1
8,25,534.0,7,2023,0
3,17,5.0,3,2023,0
26,63,83.0,1,2023,1
7,40,0.0,15,2023,1
4,63,0.0,0,2023,0
20,10,0.0,6,2023,0
6,51,180.0,6,2023,0
17,63,50.0,1,2023,1
20,63,672.0,6,2023,1
3,24,261.0,15,2023,1
26,62,0.0,1,2023,0
8,63,665.0,1,2023,1
20,63,770.0,7,2023,1
13,62,1200.0,1,2023,1
25,63,2.0,0,2023,1
24,25,925.0,1,2023,0
27,63,419.0,7,2023,0
3,24,0.0,3,2023,0
3,63,40.0,6,2023,0
20,63,748.0,1,2023,1
26,63,89.0,1,2023,1
3,24,375.0,15,2023,1
13,63,82.0,1,2023,1
13,63,1100.0,1,2023,1
24,63,75.0,5,2023,1
16,30,26.0,5,2023,0
12,63,0.0,1,2023,0
8,54,38.0,0,2023,0
0,63,107.0,4,2023,1
6,62,0.0,3,2023,1
6,7,234.0,8,2023,1
1,63,300.0,1,2023,0
19,39,3.0,3,2023,0
3,63,995.0,11,2023,1
10,1,5.0,3,2023,1
26,63,88.0,6,2023,0
8,25,43.0,5,2023,0
8,27,0.0,15,2023,0
28,24,513.0,8,2023,1
20,24,435.0,7,2023,1
11,63,567.0,8,2023,1
17,63,274.0,8,2023,1
23,63,148.0,6,2023,1
11,5,105.0,5,2023,1
25,26,65.0,1,2023,1
8,24,42.0,4,2023,1
8,24,12.0,3,2023,0
13,24,2.0,3,2023,0
3,62,135.0,6,2023,0
26,63,159.0,8,2023,0
9,7,19.0,4,2023,0
29,63,3.0,1,2023,0
8,27,110.0,6,2023,1
1,63,574.0,1,2023,1
6,7,389.0,7,2023,1
22,63,57.0,5,2023,1
24,24,17.0,5,2023,0
20,63,1200.0,9,2023,0
28,63,387.0,15,2023,0
25,63,489.0,10,2023,0
8,25,89.0,5,2023,1
20,7,12.0,4,2023,1
28,63,149.0,7,2023,1
12,10,200.0,5,2023,0
26,62,188.0,1,2023,1
28,38,46.0,15,2023,1
26,62,188.0,1,2023,1
13,63,187.0,1,2023,0
10,24,39.0,0,2023,1
24,63,1600.0,1,2023,1
22,63,149.0,6,2023,1
8,25,9.0,4,2023,1
5,63,569.0,8,2023,1
20,63,11.0,3,2023,0
6,63,463.0,15,2023,0
24,30,103.0,6,2023,1
4,63,1500.0,15,2023,1
20,63,351.0,5,2023,1
24,24,516.0,0,2023,1
1,32,17.0,1,2023,0
18,63,9.0,15,2023,0
26,63,322.0,15,2023,1
6,63,192.0,0,2023,0
10,63,692.0,1,2023,0
24,19,37.0,15,2023,0
8,62,182.0,7,2023,0
13,63,255.0,6,2023,1
4,39,1.0,3,2023,0
19,55,0.0,15,2023,1
22,63,0.0,15,2023,1
10,24,382.0,15,2023,0
18,62,0.0,2,2023,0
20,63,87.0,1,2023,0
27,24,0.0,15,2023,0
8,63,111.0,5,2023,1
29,63,179.0,1,2023,1
8,63,32.0,15,2023,1
10,63,422.0,1,2023,0
20,63,1.0,1,2023,1
3,63,165.0,15,2023,1
10,63,91.0,15,2023,0
1,63,316.0,1,2023,1
26,63,137.0,15,2023,0
14,63,39.0,4,2023,0
12,63,0.0,1,2023,0
22,25,56.0,0,2023,0
4,8,0.0,15,2023,1
11,63,33.0,0,2023,1
8,24,659.0,15,2023,1
6,24,17.0,4,2023,1
24,63,108.0,1,2023,1
20,27,91.0,1,2023,1
20,63,154.0,1,2023,1
16,63,2700.0,14,2023,1
26,63,256.0,6,2023,1
9,1,0.0,15,2023,1
11,54,220.0,6,2023,1
9,63,1900.0,1,2023,1
24,63,282.0,1,2023,0
25,63,138.0,2,2023,0
20,63,212.0,7,2023,0
5,63,0.0,15,2023,0
24,63,79.0,1,2023,1
4,7,0.0,15,2023,1
13,26,20.0,1,2023,1
16,63,118.0,1,2023,1
4,63,1100.0,2,2023,0
26,63,99.0,0,2023,0
8,63,357.0,0,2023,0
29,63,3300.0,1,2023,0
10,24,363.0,15,2023,1
5,63,409.0,1,2023,1
8,63,53.0,1,2023,1
5,63,274.0,9,2023,1
2,63,313.0,15,2023,0
13,63,530.0,1,2023,0
24,24,17.0,4,2023,0
0,7,131.0,4,2023,0
28,63,504.0,1,2023,0
28,63,329.0,7,2023,1
6,24,17.0,4,2023,0
13,63,171.0,6,2023,0
26,63,342.0,1,2023,0
28,63,567.0,9,2023,0
13,39,0.0,15,2023,1
3,63,290.0,0,2023,0
29,19,12.0,0,2023,0
26,63,35.0,15,2023,0
27,63,0.0,1,2023,1
8,62,1400.0,2,2023,1
10,63,711.0,7,2023,1
12,63,0.0,15,2023,1
13,63,156.0,7,2023,1
18,51,50.0,15,2023,0
13,63,160.0,15,2023,0
25,63,106.0,7,2023,0
13,63,90.0,5,2023,0
15,7,47.0,5,2023,1
5,38,0.0,1,2023,0
19,19,8.0,0,2023,1
8,1,896.0,1,2023,1
3,63,24.0,4,2023,0
24,63,0.0,15,2023,0
18,63,607.0,2,2023,0
8,63,704.0,7,2023,0
20,63,770.0,7,2023,1
13,63,216.0,15,2023,1
24,63,100.0,7,2023,1
4,63,138.0,4,2023,1
20,24,0.0,14,2023,1
20,27,65.0,5,2023,1
19,63,0.0,14,2023,1
24,35,445.0,5,2023,0
20,24,19.0,3,2023,0
8,63,8700.0,12,2023,0
20,63,18.0,4,2023,0
20,63,537.0,6,2023,1
3,63,1.0,0,2023,1
11,63,169.0,15,2023,1
19,63,81.0,15,2023,1
5,63,414.0,7,2023,0
20,63,1.0,3,2023,0
29,62,612.0,1,2023,1
14,63,214.0,1,2023,1
7,40,181.0,6,2023,1
8,62,85.0,0,2023,0
8,39,0.0,15,2023,0
13,63,625.0,15,2023,0
25,7,263.0,2,2023,0
28,63,1100.0,1,2023,0
28,63,67.0,0,2023,0
8,63,0.0,1,2023,1
8,63,5600.0,1,2023,1
16,63,1100.0,8,2023,1
23,63,38.0,5,2023,0
3,63,197.0,6,2023,0
20,63,141.0,6,2023,0
20,63,300.0,0,2023,1
28,63,25200.0,1,2023,1
14,63,148.0,6,2023,1
10,7,134.0,6,2023,1
13,63,306.0,2,2023,0
13,63,28.0,1,2023,0
18,63,69.0,5,2023,0
28,51,16500.0,1,2023,1
18,37,0.0,0,2023,1
29,63,686.0,2,2023,1
10,62,13.0,15,2023,0
19,24,88.0,15,2023,1
11,63,2.0,3,2023,0
13,63,80.0,6,2023,0
13,24,24.0,4,2023,1
28,63,3300.0,1,2023,1
12,63,0.0,1,2023,1
8,63,116.0,15,2023,1
28,62,4.0,3,2023,0
24,63,194.0,0,2023,0
13,63,51.0,4,2023,1
28,53,0.0,14,2023,1
4,63,0.0,14,2023,0
13,63,0.0,0,2023,0
6,24,17.0,4,2023,0
4,63,84.0,5,2023,1
3,63,455.0,1,2023,1
28,63,340.0,1,2023,1
10,63,184.0,1,2023,1
24,24,111.0,15,2023,1
8,63,50.0,5,2023,0
12,63,900.0,1,2023,1
26,63,119.0,6,2023,1
24,19,468.0,1,2023,0
10,63,284.0,0,2023,1
8,62,529.0,10,2023,1
21,63,469.0,9,2023,1
6,63,227.0,1,2023,1
19,63,4.0,3,2023,0
4,63,253.0,15,2023,1
3,51,0.0,15,2023,0
6,5,40.0,5,2023,1
13,63,1100.0,1,2023,1
26,63,288.0,8,2023,1
8,63,229.0,6,2023,1
13,63,891.0,7,2023,1
25,63,644.0,9,2023,1
5,63,805.0,8,2023,0
27,63,484.0,1,2023,0
26,63,7.0,3,2023,0
6,24,5500.0,2,2023,1
8,5,4100.0,1,2023,1
5,63,340.0,0,2023,1
13,63,324.0,0,2023,1
22,63,905.0,15,2023,0
14,63,349.0,1,2023,0
1,63,233.0,7,2023,0
17,63,0.0,1,2023,1
14,63,462.0,1,2023,1
3,63,1300.0,9,2023,1
3,1,165.0,15,2023,1
26,63,364.0,7,2023,1
20,63,1300.0,1,2023,1
4,30,23.0,3,2023,1
13,63,0.0,15,2023,0
19,55,2100.0,1,2023,1
8,63,19.0,4,2023,0
22,63,310.0,6,2023,0
10,63,274.0,6,2023,0
25,63,7.0,1,2023,1
20,19,307.0,8,2023,1
10,63,423.0,15,2023,0
8,63,0.0,14,2023,1
21,63,192.0,6,2023,1
13,24,9.0,5,2023,1
18,63,394.0,1,2023,1
16,63,141.0,5,2023,0
11,19,332.0,6,2023,0
20,63,0.0,15,2023,0
26,63,696.0,1,2023,0
8,63,161.0,7,2023,0
27,63,85.0,0,2023,1
23,63,769.0,1,2023,1
20,63,216.0,5,2023,1
22,19,214.0,15,2023,1
14,63,173.0,7,2023,1
24,63,181.0,7,2023,1
8,19,330.0,7,2023,1
24,24,254.0,15,2023,1
8,63,219.0,0,2023,0
4,51,88.0,5,2023,0
14,63,109.0,15,2023,0
29,63,224.0,9,2023,1
16,63,817.0,15,2023,1
23,63,0.0,1,2023,1
13,62,292.0,2,2023,1
18,24,50.0,5,2023,1
10,19,12.0,3,2023,1
19,18,22.0,6,2023,1
3,63,244.0,0,2023,0
6,63,643.0,9,2023,1
18,63,0.0,0,2023,1
10,19,1000.0,5,2023,1
12,27,900.0,1,2023,1
5,10,0.0,14,2023,0
6,44,148.0,7,2023,0
10,24,0.0,14,2023,1
12,27,0.0,1,2023,1
3,19,542.0,15,2023,0
8,63,119.0,7,2023,0
22,63,30.0,1,2023,1
8,63,20.0,4,2023,0
13,63,0.0,15,2023,0
17,63,30.0,5,2023,0
13,63,0.0,0,2023,0
8,19,150.0,5,2023,1
8,63,621.0,7,2023,1
25,63,17.0,4,2023,0
5,63,414.0,7,2023,0
20,27,15.0,3,2023,0
10,63,150.0,6,2023,0
28,63,648.0,1,2023,0
8,63,480.0,15,2023,1
20,63,425.0,2,2023,0
13,63,0.0,0,2023,1
8,62,700.0,8,2023,1
8,63,481.0,1,2023,1
16,63,7.0,15,2023,0
8,5,20.0,4,2023,0
10,63,30.0,15,2023,0
28,63,2100.0,7,2023,1
28,46,30.0,1,2023,1
8,24,21.0,0,2023,1
24,63,0.0,15,2023,1
13,24,87.0,6,2023,1
15,63,298.0,7,2023,0
4,63,43.0,4,2023,0
10,9,31.0,0,2023,1
8,63,992.0,8,2023,1
15,63,233.0,1,2023,0
20,63,1.0,1,2023,1
24,1,55.0,1,2023,1
20,63,235.0,1,2023,1
23,63,153.0,0,2023,1
26,63,35.0,1,2023,1
26,63,154.0,0,2023,1
20,27,91.0,1,2023,1
19,63,32.0,15,2023,0
8,63,530.0,1,2023,0
23,63,154.0,0,2023,1
6,24,121.0,15,2023,1
13,27,0.0,7,2023,1
8,63,11.0,3,2023,1
4,1,27.0,15,2023,0
13,63,503.0,1,2023,1
24,24,1100.0,9,2023,1
6,24,118.0,5,2023,1
8,63,45.0,5,2023,0
24,7,122.0,1,2023,1
29,63,1700.0,1,2023,1
18,63,0.0,15,2023,1
4,63,205.0,5,2023,1
8,27,100.0,15,2023,1
24,27,34.0,4,2023,1
5,62,70.0,6,2023,0
20,63,1300.0,1,2023,1
20,63,168.0,1,2023,1
28,25,1300.0,10,2023,1
18,63,145.0,1,2023,1
13,63,185.0,7,2023,1
20,63,974.0,0,2023,1
19,63,28.0,6,2023,1
13,63,212.0,6,2023,0
26,63,146.0,5,2023,1
28,1,105.0,5,2023,1
5,18,0.0,3,2023,0
5,63,0.0,15,2023,1
22,63,114.0,5,2023,1
13,24,1600.0,15,2023,0
6,24,2.0,3,2023,1
5,24,0.0,15,2023,1
13,63,899.0,1,2023,1
8,63,1700.0,8,2023,1
13,63,94.0,5,2023,1
3,63,15.0,4,2023,0
10,1,0.0,15,2023,0
20,63,1700.0,1,2023,1
5,63,613.0,1,2023,1
28,63,1300.0,1,2023,1
23,63,110.0,2,2023,1
5,63,150.0,5,2023,1
11,63,30.0,0,2023,1
14,1,98.0,1,2023,1
24,1,26.0,6,2023,1
20,63,140.0,5,2023,1
8,24,5.0,3,2023,1
3,63,110.0,6,2023,0
10,51,9.0,5,2023,0
28,63,329.0,7,2023,0
6,24,0.0,15,2023,1
8,63,79.0,5,2023,1
2,7,163.0,5,2023,0
6,24,17.0,4,2023,1
8,63,272.0,7,2023,1
8,63,272.0,7,2023,1
10,19,1000.0,5,2023,1
20,63,0.0,0,2023,1
14,63,337.0,8,2023,1
28,63,4900.0,1,2023,1
20,63,411.0,9,2023,1
6,63,192.0,0,2023,0
19,63,696.0,1,2023,1
3,24,50.0,5,2023,1
8,24,190.0,7,2023,1
11,63,192.0,7,2023,1
19,63,0.0,15,2023,0
8,1,0.0,15,2023,0
12,63,850.0,1,2023,0
26,63,0.0,1,2023,1
20,63,307.0,1,2023,1
22,63,1900.0,1,2023,1
24,48,0.0,15,2023,1
11,1,257.0,9,2023,1
4,63,149.0,5,2023,1
10,1,3.0,3,2023,0
3,44,0.0,3,2023,1
8,63,304.0,7,2023,1
6,7,389.0,7,2023,1
10,18,579.0,7,2023,1
8,24,42.0,4,2023,0
19,43,94.0,6,2023,0
20,56,0.0,5,2023,0
26,27,0.0,15,2023,0
8,63,85.0,6,2023,1
4,63,18.0,4,2023,1
13,63,127.0,5,2023,0
6,18,150.0,6,2023,0
10,25,139.0,6,2023,0
26,63,849.0,9,2023,1
5,63,282.0,6,2023,1
19,24,0.0,3,2023,0
29,62,20.0,4,2023,0
4,39,0.0,15,2023,0
25,63,59.0,2,2023,0
20,63,366.0,1,2023,1
13,63,347.0,1,2023,1
13,63,5900.0,1,2023,1
10,1,86.0,4,2023,1
22,63,320.0,1,2023,1
18,62,105.0,6,2023,1
13,9,19.0,15,2023,1
18,63,0.0,1,2023,0
28,24,92.0,6,2023,0
6,63,81.0,5,2023,0
16,63,399.0,7,2023,1
7,63,13.0,15,2023,1
8,24,71.0,5,2023,1
13,24,222.0,7,2023,1
13,63,409.0,1,2023,1
13,63,138.0,6,2023,1
8,24,120.0,6,2023,1
26,7,0.0,1,2023,1
28,19,0.0,3,2023,1
10,24,382.0,15,2023,1
5,63,311.0,1,2023,1
23,7,150.0,5,2023,1
24,24,0.0,5,2023,1
13,63,96.0,0,2023,1
24,1,30.0,15,2023,1
8,63,37.0,5,2023,1
24,38,0.0,2,2023,0
20,63,0.0,0,2023,1
20,63,2300.0,1,2023,1
8,63,339.0,8,2023,1
23,63,42.0,15,2023,1
24,63,6200.0,1,2023,0
8,62,1800.0,7,2023,0
6,54,130.0,7,2023,1
5,63,181.0,5,2023,0
19,10,683.0,0,2023,1
19,63,208.0,1,2023,1
8,63,0.0,1,2023,1
3,24,50.0,5,2023,1
8,63,24.0,4,2023,1
25,63,116.0,6,2023,1
19,55,2100.0,1,2023,1
18,63,0.0,15,2023,0
8,51,44.0,15,2023,0
23,51,0.0,0,2023,0
14,63,0.0,1,2023,0
16,35,0.0,6,2023,0
6,24,838.0,11,2023,0
13,63,5.0,0,2023,1
3,63,2.0,1,2023,1
12,63,0.0,1,2023,1
24,63,119.0,0,2023,1
13,63,59.0,1,2023,1
20,2,37.0,5,2023,0
8,39,9.0,3,2023,0
28,63,504.0,1,2023,0
28,63,8300.0,1,2023,1
24,63,62.0,0,2023,1
28,63,314.0,1,2023,1
5,63,17.0,0,2023,1
13,63,143.0,1,2023,0
8,63,250.0,15,2023,1
3,63,0.0,0,2023,0
24,18,300.0,1,2023,1
5,63,500.0,0,2023,1
10,54,1200.0,0,2023,1
24,60,146.0,15,2023,1
20,18,15.0,4,2023,1
11,63,5.0,0,2023,1
12,56,0.0,1,2023,1
11,63,204.0,0,2023,1
28,62,376.0,1,2023,1
4,62,281.0,6,2023,0
5,7,80.0,5,2023,0
22,63,365.0,8,2023,0
10,62,0.0,0,2023,1
12,63,0.0,1,2023,1
11,26,131.0,15,2023,1
8,7,331.0,15,2023,1
11,19,0.0,4,2023,1
10,1,101.0,4,2023,1
8,24,62.0,6,2023,1
29,63,3300.0,1,2023,0
3,1,17.0,4,2023,0
18,63,145.0,5,2023,0
8,38,130.0,1,2023,0
24,63,108.0,1,2023,1
3,44,57.0,6,2023,0
24,24,431.0,9,2023,1
20,7,148.0,6,2023,1
22,63,23.0,15,2023,0
27,63,484.0,1,2023,1
17,63,0.0,1,2023,1
9,2,0.0,0,2023,1
6,63,477.0,6,2023,1
24,63,71.0,1,2023,1
11,63,31.0,5,2023,0
18,63,778.0,15,2023,1
24,24,17.0,4,2023,1
24,63,365.0,1,2023,1
8,5,4100.0,1,2023,1
8,38,24.0,5,2023,1
22,63,172.0,15,2023,0
3,63,26000.0,1,2023,1
24,63,581.0,8,2023,1
4,63,487.0,7,2023,1
12,7,106.0,6,2023,1
12,63,0.0,1,2023,1
8,63,16.0,4,2023,1
28,25,1300.0,1,2023,1
3,29,0.0,15,2023,1
8,38,681.0,1,2023,1
10,25,0.0,15,2023,1
10,63,3400.0,11,2023,1
8,7,79.0,0,2023,1
19,63,0.0,0,2023,1
11,63,31.0,5,2023,0
13,63,157.0,1,2023,0
6,63,0.0,4,2023,0
19,7,117.0,0,2023,1
5,63,52.0,5,2023,0
13,24,177.0,8,2023,1
9,63,619.0,6,2023,1
8,63,18.0,4,2023,0
4,62,6.0,15,2023,0
3,63,2700.0,1,2023,0
24,63,194.0,0,2023,0
20,1,210.0,1,2023,1
19,63,525.0,1,2023,1
24,39,16.0,5,2023,1
11,63,0.0,15,2023,1
6,24,631.0,15,2023,1
24,24,116.0,8,2023,1
24,18,365.0,6,2023,0
11,44,0.0,0,2023,1
22,5,788.0,15,2023,1
28,63,317.0,1,2023,1
22,1,59.0,15,2023,1
18,63,152.0,0,2023,1
29,63,6400.0,1,2023,1
13,63,458.0,1,2023,0
20,63,1200.0,9,2023,0
26,63,148.0,1,2023,1
6,63,461.0,8,2023,1
10,5,0.0,0,2023,1
9,24,13.0,4,2023,1
19,63,20.0,0,2023,1
8,56,0.0,15,2023,0
24,24,12900.0,0,2023,0
3,63,0.0,0,2023,0
22,63,472.0,7,2023,0
16,63,0.0,0,2023,0
20,63,748.0,1,2023,1
10,5,2100.0,14,2023,1
13,63,482.0,8,2023,1
28,63,5500.0,14,2023,1
11,18,495.0,8,2023,1
27,63,102.0,6,2023,1
29,63,839.0,1,2023,1
4,63,70.0,4,2023,0
3,63,2.0,1,2023,1
3,63,557.0,1,2023,1
14,63,39.0,4,2023,1
6,24,0.0,15,2023,0
8,63,485.0,1,2023,0
28,19,126.0,1,2023,1
13,63,462.0,6,2023,1
8,63,283.0,15,2023,1
5,63,3000.0,1,2023,1
25,63,489.0,10,2023,1
26,63,126.0,5,2023,1
26,27,401.0,15,2023,1
3,63,12900.0,1,2023,1
20,55,663.0,1,2023,1
20,24,1300.0,14,2023,1
28,63,575.0,0,2023,1
27,63,325.0,0,2023,1
10,63,465.0,15,2023,1
13,63,132.0,1,2023,1
8,63,263.0,7,2023,1
13,63,1900.0,1,2023,0
24,63,153.0,0,2023,0
13,63,0.0,0,2023,1
18,19,442.0,7,2023,1
24,1,0.0,15,2023,1
28,63,400.0,1,2023,1
14,63,76.0,5,2023,1
4,63,607.0,7,2023,0
4,63,61.0,5,2023,0
13,63,0.0,15,2023,0
19,62,0.0,15,2023,1
27,63,279.0,1,2023,1
13,63,155.0,6,2023,0
4,1,279.0,6,2023,0
13,63,194.0,0,2023,0
28,63,57.0,3,2023,0
10,53,214.0,6,2023,1
4,24,451.0,15,2023,1
19,29,26.0,15,2023,1
8,63,406.0,7,2023,1
18,63,52.0,5,2023,1
28,39,0.0,9,2023,1
18,18,61.0,1,2023,0
22,63,121.0,6,2023,0
24,19,467.0,1,2023,0
20,24,79.0,5,2023,1
4,63,1000.0,8,2023,1
20,1,10.0,3,2023,1
10,63,9.0,4,2023,0
12,27,4200.0,1,2023,1
12,63,50.0,1,2023,1
3,10,12600.0,1,2023,1
3,63,290.0,0,2023,1
8,63,302.0,6,2023,1
20,63,105.0,1,2023,0
4,63,0.0,15,2023,0
25,63,536.0,1,2023,1
20,63,62.0,0,2023,1
24,63,356.0,1,2023,1
20,63,152.0,1,2023,1
16,63,1100.0,8,2023,0
18,27,58.0,1,2023,1
25,63,1100.0,10,2023,1
8,5,720.0,7,2023,1
19,18,22.0,6,2023,1
14,63,491.0,1,2023,1
27,63,429.0,1,2023,1
8,63,435.0,9,2023,1
22,63,180.0,5,2023,0
10,1,86.0,4,2023,0
18,63,1100.0,1,2023,0
27,63,214.0,6,2023,0
19,63,63.0,5,2023,0
20,63,148.0,6,2023,0
13,63,185.0,1,2023,0
20,63,0.0,1,2023,1
24,63,0.0,0,2023,1
24,19,2.0,15,2023,1
11,63,11.0,5,2023,0
13,24,40.0,5,2023,0
6,63,311.0,1,2023,0
20,63,614.0,1,2023,1
20,63,212.0,7,2023,1
18,63,0.0,15,2023,1
24,5,225.0,6,2023,1
3,63,30.0,0,2023,1
13,63,719.0,9,2023,1
4,63,170.0,5,2023,1
22,28,708.0,15,2023,0
10,51,749.0,0,2023,0
10,62,1800.0,8,2023,0
23,63,154.0,0,2023,0
28,25,138.0,5,2023,1
18,63,16.0,0,2023,1
13,7,278.0,1,2023,1
3,24,9400.0,0,2023,1
17,38,0.0,2,2023,1
8,5,140.0,7,2023,0
12,63,298.0,1,2023,0
6,63,24.0,4,2023,0
3,63,6.0,0,2023,1
10,63,526.0,6,2023,1
10,62,1700.0,1,2023,1
13,63,856.0,11,2023,1
8,63,566.0,1,2023,1
21,63,413.0,1,2023,1
24,63,0.0,1,2023,1
26,16,192.0,6,2023,1
28,27,317.0,1,2023,1
21,63,350.0,0,2023,0
19,63,0.0,15,2023,0
4,24,0.0,15,2023,0
18,63,800.0,1,2023,1
8,63,1500.0,1,2023,1
11,63,746.0,8,2023,1
25,63,583.0,8,2023,1
13,63,168.0,8,2023,1
8,63,85.0,5,2023,1
28,1,63.0,15,2023,0
8,7,278.0,7,2023,0
13,63,100.0,6,2023,0
2,1,15.0,0,2023,0
20,63,276.0,1,2023,1
24,63,1200.0,1,2023,1
26,63,83.0,1,2023,1
25,63,245.0,0,2023,1
8,1,299.0,1,2023,1
6,26,56.0,2,2023,1
11,63,106.0,5,2023,0
12,63,0.0,1,2023,1
16,5,507.0,9,2023,1
24,1,80.0,0,2023,1
28,63,0.0,14,2023,1
18,63,107.0,0,2023,1
19,24,19.0,15,2023,1
25,63,496.0,9,2023,1
8,5,2300.0,15,2023,0
24,51,0.0,15,2023,0
8,27,6.0,3,2023,0
13,63,183.0,15,2023,1
8,27,42.0,5,2023,1
11,63,396.0,8,2023,1
16,24,150.0,8,2023,1
4,63,10.0,15,2023,1
2,63,313.0,15,2023,0
24,1,30.0,15,2023,0
6,24,5500.0,2,2023,1
26,63,1200.0,1,2023,1
20,63,0.0,1,2023,1
13,63,160.0,6,2023,1
26,62,0.0,1,2023,1
20,63,476.0,6,2023,1
10,63,1800.0,8,2023,1
25,63,644.0,9,2023,1
4,63,0.0,15,2023,1
5,63,55.0,5,2023,1
6,63,1500.0,4,2023,1
20,63,811.0,1,2023,0
28,63,948.0,1,2023,0
3,53,240.0,1,2023,0
8,38,60.0,6,2023,0
27,63,497.0,7,2023,0
5,63,2400.0,1,2023,1
3,63,1500.0,1,2023,1
3,63,719.0,1,2023,1
26,63,161.0,1,2023,1
20,63,415.0,8,2023,1
19,7,0.0,1,2023,1
13,63,215.0,6,2023,1
4,63,536.0,9,2023,1
26,63,0.0,1,2023,1
15,63,100.0,2,2023,1
19,63,28.0,6,2023,1
27,7,190.0,6,2023,0
19,63,80.0,8,2023,0
13,63,76.0,1,2023,0
5,17,245.0,1,2023,0
3,63,0.0,1,2023,0
11,63,137.0,5,2023,0
10,63,52.0,15,2023,0
28,63,10700.0,1,2023,0
8,63,216.0,1,2023,1
5,63,0.0,1,2023,1
11,63,230.0,1,2023,1
18,63,100.0,1,2023,1
8,63,144.0,1,2023,1
5,19,344.0,1,2023,1
24,63,1600.0,1,2023,1
8,19,1300.0,7,2023,1
3,63,235.0,15,2023,1
28,39,12.0,15,2023,1
8,5,4100.0,1,2023,1
26,27,80.0,15,2023,1
12,63,0.0,1,2023,0
5,7,1100.0,1,2023,0
13,37,0.0,1,2023,1
18,37,0.0,0,2023,1
28,62,629.0,1,2023,1
24,63,1400.0,1,2023,1
12,63,12.0,1,2023,1
10,54,1200.0,0,2023,1
10,19,9900.0,1,2023,1
10,63,1900.0,11,2023,1
24,19,205.0,6,2023,1
8,63,0.0,1,2023,0
24,5,322.0,8,2023,0
11,63,224.0,6,2023,0
4,63,176.0,5,2023,0
13,63,425.0,1,2023,0
8,63,3000.0,1,2023,0
26,17,43.0,5,2023,0
8,5,0.0,15,2023,1
4,63,101.0,4,2023,1
24,7,0.0,4,2023,1
24,24,390.0,8,2023,1
24,63,0.0,3,2023,1
20,63,0.0,1,2023,1
28,19,0.0,15,2023,1
4,51,100.0,6,2023,1
4,7,45.0,4,2023,1
18,7,21.0,5,2023,1
13,63,18.0,4,2023,0
8,45,273.0,15,2023,0
24,63,47.0,4,2023,0
20,19,0.0,16,2023,0
20,19,1300.0,1,2023,1
5,63,455.0,1,2023,1
29,62,1.0,15,2023,1
8,63,550.0,7,2023,0
8,62,0.0,1,2023,0
20,63,43.0,5,2023,0
3,63,226.0,7,2023,0
12,63,0.0,1,2023,1
12,63,0.0,1,2023,1
24,63,50.0,0,2023,1
4,62,13.0,0,2023,1
22,63,0.0,15,2023,1
13,63,550.0,1,2023,1
15,63,171.0,7,2023,1
28,19,646.0,7,2023,1
13,63,51.0,4,2023,0
8,27,0.0,15,2023,0
9,63,657.0,9,2023,0
8,5,0.0,1,2023,0
20,37,0.0,15,2023,0
29,63,834.0,1,2023,1
13,63,379.0,8,2023,1
8,63,1300.0,8,2023,1
25,7,36.0,5,2023,1
21,19,41.0,4,2023,1
13,63,14.0,4,2023,1
18,7,0.0,15,2023,1
11,19,332.0,6,2023,0
8,63,160.0,6,2023,0
2,63,451.0,5,2023,0
21,63,173.0,1,2023,0
11,62,23.0,5,2023,0
19,55,2100.0,1,2023,1
16,63,2700.0,14,2023,1
18,24,320.0,15,2023,1
18,63,295.0,1,2023,1
24,1,23.0,4,2023,1
26,63,97.0,5,2023,1
18,63,69.0,6,2023,1
6,24,16.0,4,2023,0
4,63,423.0,15,2023,0
18,63,117.0,1,2023,0
8,37,115.0,6,2023,0
3,63,26.0,1,2023,1
24,63,1700.0,1,2023,1
10,24,3600.0,15,2023,1
13,24,192.0,0,2023,1
19,63,307.0,9,2023,1
14,63,0.0,0,2023,1
11,63,169.0,15,2023,1
24,5,14.0,15,2023,1
13,63,1.0,15,2023,1
5,63,64.0,6,2023,1
8,63,341.0,0,2023,0
13,63,156.0,6,2023,0
5,63,91.0,5,2023,0
3,63,0.0,0,2023,0
24,63,62.0,0,2023,0
8,63,0.0,1,2023,1
28,63,1200.0,1,2023,1
22,63,22200.0,1,2023,1
20,63,153.0,5,2023,1
24,63,965.0,15,2023,1
15,63,233.0,1,2023,1
3,63,21.0,0,2023,1
9,63,269.0,7,2023,1
28,63,2.0,15,2023,0
19,63,145.0,8,2023,0
12,63,21.0,15,2023,0
15,63,521.0,15,2023,0
18,63,400.0,1,2023,0
22,63,13.0,4,2023,0
13,63,225.0,1,2023,0
5,63,56.0,5,2023,0
8,1,41.0,4,2023,0
7,54,167.0,1,2023,0
20,63,1.0,1,2023,1
26,63,125.0,0,2023,1
13,63,172.0,1,2023,1
28,63,1300.0,1,2023,1
27,63,253.0,1,2023,1
8,27,571.0,1,2023,1
20,7,69.0,15,2023,1
29,63,179.0,1,2023,1
26,63,416.0,9,2023,1
8,63,1100.0,1,2023,1
20,63,260.0,1,2023,1
18,7,300.0,6,2023,1
13,19,47.0,15,2023,1
8,63,491.0,9,2023,1
10,63,275.0,15,2023,0
14,17,420.0,7,2023,0
3,63,946.0,1,2023,0
13,9,204.0,6,2023,0
28,62,2000.0,1,2023,0
20,63,240.0,7,2023,0
21,63,54.0,5,2023,0
13,63,0.0,1,2023,0
14,63,854.0,0,2023,0
24,1,55.0,1,2023,0
24,7,1200.0,1,2023,1
20,63,1300.0,1,2023,1
28,62,2400.0,15,2023,1
28,7,253.0,15,2023,1
27,24,87.0,7,2023,1
20,5,336.0,7,2023,1
2,11,218.0,5,2023,1
20,63,92.0,0,2023,1
22,63,31.0,5,2023,1
20,63,44.0,1,2023,1
20,63,700.0,1,2023,0
3,63,59.0,15,2023,0
28,24,54.0,6,2023,0
27,63,12.0,1,2023,0
20,63,0.0,1,2023,0
10,0,2300.0,15,2023,0
8,63,2.0,0,2023,0
8,5,0.0,1,2023,0
8,5,0.0,1,2023,1
3,24,1700.0,11,2023,1
10,24,17.0,5,2023,1
8,7,698.0,6,2023,1
10,24,382.0,15,2023,0
8,1,74.0,6,2023,0
10,24,548.0,15,2023,0
10,24,126.0,6,2023,1
18,63,104.0,6,2023,1
10,24,21.0,4,2023,1
10,24,254.0,8,2023,0
12,10,0.0,15,2023,1
28,24,5000.0,13,2023,1
20,63,0.0,15,2023,1
13,63,101.0,5,2023,1
13,63,155.0,6,2023,0
28,63,1600.0,1,2023,0
18,63,2.0,15,2023,0
20,63,21.0,0,2023,0
21,63,114.0,6,2023,0
8,63,392.0,1,2023,1
19,63,410.0,9,2023,1
27,24,28.0,5,2023,1
8,5,42.0,5,2023,1
4,62,490.0,7,2023,1
11,63,328.0,9,2023,1
8,63,556.0,7,2023,1
8,24,41.0,5,2023,1
5,63,334.0,15,2023,1
13,63,0.0,1,2023,1
13,63,301.0,1,2023,1
6,63,51.0,5,2023,1
4,63,0.0,15,2023,0
3,63,158.0,1,2023,0
18,63,34.0,5,2023,0
16,63,2400.0,8,2023,1
20,63,400.0,1,2023,1
13,63,3500.0,16,2023,1
8,63,565.0,9,2023,1
26,63,205.0,2,2023,1
4,24,244.0,7,2023,1
26,63,349.0,1,2023,1
13,63,94.0,5,2023,1
20,63,0.0,0,2023,1
3,63,133.0,6,2023,1
11,63,1100.0,10,2023,0
11,63,33.0,6,2023,0
11,63,224.0,6,2023,0
8,62,293.0,7,2023,0
4,63,549.0,1,2023,1
5,63,0.0,1,2023,1
8,63,665.0,1,2023,1
8,1,95.0,6,2023,1
4,63,726.0,7,2023,1
26,63,125.0,0,2023,1
6,7,22.0,1,2023,1
6,24,190.0,8,2023,1
3,63,36.0,5,2023,1
16,7,178.0,6,2023,1
11,24,0.0,16,2023,1
19,27,111.0,5,2023,1
24,63,383.0,15,2023,1
24,63,120.0,6,2023,0
11,63,223.0,7,2023,0
24,63,383.0,15,2023,0
14,63,20.0,0,2023,0
20,63,10.0,4,2023,0
9,63,404.0,9,2023,0
13,63,1200.0,1,2023,1
13,63,560.0,1,2023,0
13,63,656.0,1,2023,0
5,63,602.0,8,2023,0
19,62,160.0,12,2023,1
20,63,307.0,1,2023,1
18,63,80.0,0,2023,0
4,10,2.0,15,2023,1
13,63,522.0,7,2023,1
28,24,214.0,7,2023,1
26,63,88.0,6,2023,0
11,63,30.0,2,2023,0
17,63,0.0,15,2023,0
24,63,40.0,3,2023,0
12,63,204.0,5,2023,0
4,63,9.0,4,2023,0
13,63,999.0,1,2023,1
20,63,326.0,1,2023,1
8,63,646.0,8,2023,1
4,63,0.0,4,2023,1
24,51,472.0,9,2023,1
3,63,12900.0,1,2023,1
24,63,176.0,15,2023,1
5,27,116.0,6,2023,1
27,63,178.0,2,2023,1
12,27,50.0,15,2023,1
24,24,62.0,5,2023,1
18,63,863.0,8,2023,0
22,63,1600.0,1,2023,0
14,1,98.0,1,2023,0
24,63,79.0,1,2023,0
13,63,173.0,1,2023,0
24,63,108.0,1,2023,1
25,63,65.0,1,2023,1
5,63,282.0,6,2023,1
19,63,166.0,1,2023,1
17,63,274.0,8,2023,1
13,63,530.0,1,2023,0
3,63,450.0,1,2023,0
4,63,29.0,15,2023,0
11,63,0.0,1,2023,1
27,63,620.0,8,2023,1
6,24,0.0,0,2023,1
3,10,9400.0,15,2023,0
27,63,0.0,1,2023,1
12,63,50.0,1,2023,1
12,10,682.0,8,2023,0
14,63,39.0,4,2022,1
10,62,675.0,15,2022,0
4,30,23.0,3,2022,0
19,10,3700.0,1,2022,0
4,50,8.0,4,2022,0
8,37,0.0,0,2022,1
20,62,96.0,5,2022,0
22,1,0.0,15,2022,1
24,18,1000.0,8,2022,1
22,62,25.0,6,2022,1
12,63,0.0,1,2022,1
28,63,648.0,1,2022,1
20,19,90.0,4,2022,0
10,51,50.0,8,2022,1
8,7,10.0,4,2022,1
5,62,63.0,15,2022,0
3,10,892.0,9,2022,0
22,63,4.0,0,2022,1
13,63,136.0,7,2022,0
3,63,7400.0,1,2022,0
10,1,2.0,15,2022,0
8,19,29.0,15,2022,1
5,7,26.0,4,2022,1
28,7,0.0,1,2022,0
4,63,205.0,5,2022,0
8,7,331.0,15,2022,0
20,62,704.0,15,2022,0
8,63,183.0,6,2022,0
24,7,30.0,4,2022,0
13,63,183.0,6,2022,0
24,63,224.0,1,2022,1
27,63,484.0,1,2022,1
20,63,379.0,6,2022,1
11,63,76.0,5,2022,1
21,63,183.0,7,2022,0
24,25,5100.0,1,2022,1
6,2,686.0,7,2022,1
28,63,175.0,1,2022,1
13,63,215.0,15,2022,1
10,63,64.0,6,2022,1
22,63,347.0,6,2022,0
3,63,698.0,12,2022,1
14,63,462.0,1,2022,1
13,63,514.0,8,2022,1
18,63,0.0,1,2022,1
4,63,235.0,5,2022,0
6,63,192.0,0,2022,1
10,63,107.0,0,2022,1
25,63,51.0,5,2022,1
8,63,189.0,6,2022,0
6,63,240.0,7,2022,1
21,19,94.0,5,2022,1
8,63,97.0,6,2022,0
22,63,281.0,15,2022,0
13,24,1600.0,15,2022,0
3,27,0.0,1,2022,1
24,37,0.0,0,2022,1
28,19,0.0,0,2022,1
13,5,174.0,6,2022,1
8,62,73.0,5,2022,1
18,19,442.0,7,2022,1
8,63,537.0,11,2022,1
20,27,25.0,4,2022,0
4,1,0.0,15,2022,0
20,63,225.0,1,2022,0
4,63,25.0,5,2022,0
21,63,1400.0,9,2022,1
10,24,3600.0,15,2022,1
11,51,82.0,7,2022,1
28,5,138.0,6,2022,1
8,63,220.0,2,2022,1
24,19,205.0,6,2022,1
28,27,231.0,1,2022,1
18,63,115.0,1,2022,1
13,63,459.0,8,2022,1
26,63,153.0,6,2022,1
26,63,537.0,2,2022,1
4,63,932.0,1,2022,0
10,63,352.0,1,2022,0
14,63,32.0,5,2022,0
12,63,850.0,1,2022,0
6,63,150.0,1,2022,0
26,63,203.0,5,2022,0
6,24,292.0,8,2022,1
22,5,788.0,15,2022,1
8,63,734.0,7,2022,1
28,63,567.0,9,2022,1
4,63,55.0,4,2022,1
15,63,125.0,2,2022,1
28,63,515.0,7,2022,1
18,63,116.0,0,2022,1
3,63,613.0,8,2022,1
24,63,2300.0,15,2022,1
22,63,114.0,5,2022,1
8,63,115.0,6,2022,1
21,63,315.0,9,2022,0
26,55,42.0,15,2022,0
10,25,139.0,6,2022,0
8,63,0.0,0,2022,0
8,63,679.0,1,2022,1
12,63,12.0,1,2022,1
19,63,696.0,1,2022,1
20,63,0.0,0,2022,1
18,63,2.0,1,2022,1
8,63,302.0,6,2022,1
8,63,480.0,15,2022,1
26,27,165.0,6,2022,1
4,62,0.0,15,2022,1
2,7,36.0,5,2022,1
15,63,226.0,7,2022,0
28,39,630.0,15,2022,0
20,63,200.0,2,2022,0
13,63,479.0,7,2022,0
8,63,647.0,1,2022,0
4,1,0.0,15,2022,1
26,63,265.0,8,2022,1
8,27,103.0,5,2022,1
13,63,323.0,5,2022,0
24,63,481.0,15,2022,0
6,7,22.0,1,2022,0
29,24,4000.0,9,2022,1
9,24,100.0,6,2022,1
4,51,0.0,15,2022,0
26,27,0.0,15,2022,1
3,24,1700.0,15,2022,1
8,63,184.0,6,2022,1
22,63,128.0,15,2022,0
3,63,9.0,15,2022,0
24,51,372.0,2,2022,1
18,63,194.0,8,2022,1
6,63,0.0,15,2022,1
21,63,212.0,7,2022,1
25,63,32.0,1,2022,1
27,63,419.0,7,2022,0
13,63,229.0,1,2022,0
9,63,151.0,9,2022,0
13,63,321.0,1,2022,0
8,62,69.0,4,2022,0
10,63,2500.0,1,2022,1
4,63,134.0,15,2022,1
8,63,191.0,7,2022,1
24,25,140.0,5,2022,1
10,63,850.0,5,2022,1
6,19,64.0,4,2022,1
18,63,145.0,5,2022,1
8,0,544.0,7,2022,1
6,24,118.0,5,2022,1
20,0,0.0,15,2022,1
24,62,40.0,0,2022,1
28,63,149.0,7,2022,1
5,63,162.0,1,2022,0
28,63,0.0,15,2022,0
3,63,1500.0,1,2022,0
13,63,700.0,4,2022,0
26,63,167.0,0,2022,0
4,35,378.0,6,2022,1
24,62,144.0,15,2022,1
4,1,1.0,15,2022,1
4,63,0.0,15,2022,0
13,63,162.0,1,2022,0
24,63,269.0,5,2022,0
4,39,0.0,15,2022,0
20,37,1100.0,6,2022,0
8,35,13.0,4,2022,0
25,63,20.0,4,2022,0
20,19,604.0,7,2022,1
3,5,260.0,15,2022,1
23,24,0.0,4,2022,1
6,7,483.0,7,2022,1
8,25,245.0,15,2022,1
4,63,100.0,4,2022,1
20,19,87.0,7,2022,1
4,63,1000.0,8,2022,0
6,62,50.0,15,2022,0
22,63,11.0,4,2022,0
4,7,103.0,5,2022,0
7,63,78.0,5,2022,0
13,63,4.0,3,2022,0
8,37,22.0,15,2022,0
8,62,389.0,15,2022,0
19,24,1700.0,13,2022,1
28,62,157.0,15,2022,1
10,39,43.0,4,2022,1
4,0,17.0,4,2022,1
4,39,3.0,15,2022,1
10,1,0.0,0,2022,0
19,56,0.0,5,2022,0
8,63,2.0,3,2022,0
24,7,6.0,3,2022,0
20,11,20.0,4,2022,0
28,15,264.0,1,2022,0
12,63,900.0,1,2022,1
24,25,92.0,5,2022,1
27,5,11.0,0,2022,1
24,51,1000.0,8,2022,1
10,51,57.0,5,2022,0
13,63,809.0,1,2022,0
8,27,770.0,15,2022,0
15,37,23.0,15,2022,0
24,39,1200.0,1,2022,1
10,63,804.0,6,2022,1
26,63,481.0,9,2022,0
8,63,0.0,15,2022,0
10,24,914.0,13,2022,1
28,63,1600.0,1,2022,1
28,63,2100.0,7,2022,1
13,63,459.0,8,2022,1
28,62,34.0,5,2022,1
8,63,281.0,7,2022,0
28,5,1600.0,8,2022,0
4,63,0.0,15,2022,0
6,25,205.0,15,2022,0
19,63,18.0,0,2022,0
4,63,33.0,4,2022,0
19,63,208.0,1,2022,1
22,63,472.0,7,2022,1
22,63,0.0,1,2022,1
8,55,281.0,15,2022,1
25,63,54.0,5,2022,1
8,63,281.0,7,2022,1
20,7,73.0,5,2022,1
8,7,278.0,7,2022,1
18,26,35.0,4,2022,1
20,63,188.0,6,2022,0
19,63,0.0,0,2022,0
20,7,148.0,6,2022,0
24,63,108.0,1,2022,1
14,63,2.0,1,2022,1
10,30,157.0,6,2022,1
18,26,889.0,15,2022,1
20,63,235.0,1,2022,1
24,63,452.0,9,2022,1
20,63,56.0,5,2022,1
18,63,436.0,15,2022,1
13,63,409.0,1,2022,1
6,7,168.0,1,2022,0
28,19,63.0,15,2022,0
22,63,501.0,15,2022,0
20,62,1000.0,7,2022,0
20,62,15.0,4,2022,0
21,63,21.0,4,2022,0
5,63,2000.0,1,2022,1
20,63,453.0,1,2022,1
26,63,507.0,8,2022,1
10,1,1700.0,1,2022,1
21,63,0.0,7,2022,1
22,7,154.0,5,2022,1
19,63,0.0,0,2022,1
20,19,28.0,15,2022,1
8,63,256.0,7,2022,1
3,32,0.0,0,2022,1
25,63,164.0,6,2022,1
8,7,11.0,5,2022,0
8,63,0.0,15,2022,0
10,55,441.0,1,2022,0
24,63,381.0,15,2022,0
19,63,174.0,5,2022,0
20,63,382.0,1,2022,0
3,10,12600.0,1,2022,0
18,54,187.0,6,2022,0
20,1,68.0,1,2022,0
13,63,28.0,1,2022,1
13,63,791.0,1,2022,1
9,63,200.0,2,2022,1
22,63,405.0,6,2022,1
25,16,90.0,2,2022,1
27,63,240.0,7,2022,1
13,63,347.0,1,2022,1
13,63,409.0,1,2022,1
18,63,212.0,1,2022,1
19,63,100.0,15,2022,1
4,39,6.0,3,2022,1
28,39,12.0,15,2022,1
10,25,0.0,15,2022,0
13,63,624.0,1,2022,0
22,63,597.0,7,2022,1
16,63,593.0,7,2022,1
8,9,2.0,3,2022,0
18,63,0.0,0,2022,0
22,63,355.0,1,2022,0
28,25,1300.0,1,2022,1
3,63,1500.0,15,2022,1
8,63,665.0,1,2022,1
5,63,119.0,7,2022,1
4,63,549.0,1,2022,1
20,63,326.0,1,2022,1
18,63,18.0,15,2022,1
4,63,11.0,4,2022,1
26,63,0.0,15,2022,0
6,63,81.0,5,2022,0
16,63,200.0,6,2022,0
10,1,13.0,3,2022,0
11,63,0.0,15,2022,0
20,63,277.0,6,2022,0
3,63,26000.0,1,2022,1
22,63,320.0,1,2022,1
22,63,310.0,6,2022,1
29,63,686.0,2,2022,1
8,63,527.0,1,2022,1
18,63,6.0,0,2022,1
3,63,165.0,15,2022,1
13,24,20.0,4,2022,1
3,63,244.0,0,2022,1
8,24,475.0,6,2022,1
18,63,69.0,6,2022,1
18,63,72.0,0,2022,0
5,30,78.0,2,2022,0
6,63,458.0,1,2022,0
13,63,81.0,5,2022,0
20,63,44.0,1,2022,0
19,55,2100.0,1,2022,0
20,63,476.0,1,2022,1
13,63,257.0,5,2022,1
1,63,300.0,1,2022,0
28,21,6.0,5,2022,0
13,63,731.0,1,2022,0
20,63,0.0,0,2022,0
25,63,65.0,1,2022,1
6,24,838.0,11,2022,1
27,63,85.0,0,2022,1
8,5,280.0,2,2022,1
26,63,137.0,15,2022,0
5,63,223.0,9,2022,0
26,63,30.0,1,2022,1
6,44,148.0,7,2022,1
6,24,14.0,15,2022,0
3,63,12900.0,1,2022,1
24,24,1500.0,15,2022,1
20,19,5.0,0,2022,1
8,25,180.0,15,2022,1
4,63,60.0,15,2022,1
24,63,380.0,4,2022,0
4,63,260.0,6,2022,0
8,63,2300.0,11,2022,1
28,63,4900.0,1,2022,1
8,63,0.0,1,2022,1
8,63,428.0,6,2022,1
10,19,8300.0,1,2022,1
16,63,154.0,8,2022,1
8,63,1500.0,1,2022,0
22,63,1300.0,15,2022,0
18,63,16.0,1,2022,0
10,63,150.0,6,2022,0
13,63,445.0,1,2022,0
22,63,253.0,7,2022,0
6,63,50.0,5,2022,0
22,63,1900.0,1,2022,1
8,63,2300.0,10,2022,1
8,63,468.0,11,2022,1
4,63,607.0,7,2022,1
26,27,92.0,6,2022,1
8,19,188.0,15,2022,1
10,63,103.0,6,2022,1
4,63,0.0,15,2022,1
4,50,0.0,3,2022,0
26,40,8.0,0,2022,0
28,63,3600.0,15,2022,1
29,63,0.0,0,2022,1
20,63,0.0,1,2022,1
8,63,144.0,1,2022,1
23,63,148.0,6,2022,1
10,55,377.0,15,2022,1
10,40,477.0,15,2022,1
10,40,479.0,15,2022,1
18,7,300.0,6,2022,1
18,7,56.0,5,2022,1
3,5,0.0,15,2022,1
13,63,212.0,6,2022,0
27,63,28.0,5,2022,0
13,55,568.0,7,2022,1
15,63,213.0,7,2022,1
8,63,11.0,5,2022,1
8,63,85.0,5,2022,1
24,24,17.0,4,2022,1
6,24,49.0,5,2022,0
24,63,108.0,1,2022,1
10,63,35.0,5,2022,1
13,63,0.0,16,2022,1
10,19,11.0,6,2022,0
2,7,163.0,5,2022,1
8,63,277.0,5,2022,1
11,63,328.0,9,2022,1
19,24,0.0,3,2022,0
24,63,0.0,16,2022,0
12,63,0.0,1,2022,1
9,63,114.0,1,2022,1
22,63,97.0,1,2022,1
26,63,750.0,9,2022,1
28,63,3600.0,15,2022,1
8,63,0.0,4,2022,1
12,63,683.0,8,2022,0
8,63,553.0,7,2022,1
8,63,142.0,6,2022,1
11,27,15.0,3,2022,1
19,63,0.0,7,2022,0
16,63,1100.0,8,2022,0
13,37,0.0,1,2022,1
13,63,462.0,6,2022,1
26,63,849.0,9,2022,1
22,19,214.0,15,2022,1
20,5,336.0,7,2022,1
13,27,86.0,15,2022,1
13,27,36.0,15,2022,1
25,63,138.0,2,2022,1
26,63,0.0,1,2022,1
8,19,30.0,15,2022,1
13,24,4.0,4,2022,1
28,63,575.0,1,2022,0
18,5,127.0,6,2022,1
22,63,151.0,6,2022,1
21,63,203.0,6,2022,1
25,63,5.0,2,2022,1
28,62,629.0,1,2022,0
22,63,365.0,8,2022,0
20,63,260.0,1,2022,0
10,63,3400.0,11,2022,1
8,63,177.0,5,2022,1
26,62,88.0,5,2022,1
22,63,13.0,5,2022,0
5,4,596.0,10,2022,0
22,63,313.0,15,2022,0
24,63,1700.0,10,2022,1
24,63,71.0,1,2022,1
13,19,189.0,5,2022,1
18,0,0.0,15,2022,1
20,63,1.0,1,2022,0
4,19,42.0,5,2022,0
19,63,235.0,15,2022,1
12,10,0.0,15,2022,0
22,63,0.0,15,2022,1
10,63,122.0,1,2022,1
10,63,122.0,1,2022,1
8,62,9.0,15,2022,0
6,24,0.0,3,2022,0
25,63,65.0,1,2022,1
3,63,10.0,0,2022,1
26,63,61.0,6,2022,0
6,24,5500.0,2,2022,1
25,63,426.0,8,2022,1
20,55,1500.0,1,2022,1
6,24,17.0,4,2022,1
13,63,657.0,9,2022,1
8,63,450.0,6,2022,1
8,63,1500.0,7,2022,1
22,63,217.0,6,2022,1
20,37,20.0,4,2022,1
6,63,235.0,15,2022,1
18,14,2.0,3,2022,1
7,62,16.0,4,2022,0
4,22,0.0,15,2022,0
11,63,0.0,3,2022,0
10,63,367.0,1,2022,1
18,63,1100.0,1,2022,1
14,63,103.0,7,2022,1
13,63,315.0,6,2022,1
14,63,58.0,15,2022,0
24,63,0.0,0,2022,0
13,63,585.0,1,2022,1
5,63,30.0,7,2022,1
4,51,156.0,15,2022,1
9,63,1900.0,1,2022,1
22,63,347.0,6,2022,1
6,63,0.0,0,2022,1
10,63,1900.0,11,2022,1
8,51,645.0,15,2022,0
8,38,29.0,5,2022,0
8,63,58.0,5,2022,0
19,55,2100.0,1,2022,0
23,63,29.0,6,2022,1
13,63,73.0,5,2022,0
27,63,253.0,1,2022,1
28,1,105.0,5,2022,1
22,63,35.0,5,2022,1
5,63,0.0,7,2022,0
8,25,534.0,7,2022,0
18,63,360.0,6,2022,0
9,63,298.0,6,2022,0
4,24,0.0,0,2022,1
28,63,8.0,0,2022,1
28,33,607.0,8,2022,0
10,63,0.0,15,2022,0
13,63,255.0,7,2022,0
24,19,237.0,1,2022,1
14,63,173.0,7,2022,1
8,19,385.0,15,2022,0
11,19,107.0,7,2022,0
25,63,536.0,1,2022,1
27,63,203.0,7,2022,0
28,63,575.0,1,2022,0
22,63,180.0,5,2022,1
5,62,692.0,15,2022,0
10,63,2900.0,15,2022,0
8,63,706.0,8,2022,1
8,19,150.0,5,2022,1
10,63,166.0,6,2022,1
26,7,474.0,7,2022,1
20,63,6.0,3,2022,0
4,63,1400.0,2,2022,1
8,55,3700.0,15,2022,1
24,62,136.0,7,2022,0
1,63,1.0,15,2022,1
11,63,5.0,3,2022,0
22,63,1600.0,1,2022,1
13,63,8.0,3,2022,1
27,7,190.0,6,2022,1
28,5,244.0,0,2022,1
28,63,282.0,1,2022,0
24,63,62.0,0,2022,0
28,24,5000.0,13,2022,1
13,63,75.0,5,2022,1
18,63,456.0,9,2022,0
10,25,0.0,15,2022,0
8,24,140.0,6,2022,1
8,63,271.0,8,2022,1
27,63,42.0,1,2022,1
19,55,126.0,1,2022,1
11,63,67.0,6,2022,1
13,63,90.0,5,2022,0
18,63,108.0,15,2022,0
20,63,614.0,1,2022,1
18,19,137.0,5,2022,1
20,19,604.0,7,2022,1
19,63,121900.0,1,2022,1
14,23,83.0,6,2022,0
13,63,445.0,1,2022,1
8,62,1800.0,7,2022,1
18,63,445.0,1,2022,1
19,63,413.0,9,2022,1
18,63,197.0,15,2022,0
22,65,33.0,4,2022,0
28,5,28.0,0,2022,1
5,63,81.0,7,2022,1
11,27,17.0,4,2022,1
20,63,91.0,5,2022,0
24,63,526.0,1,2022,0
5,63,84.0,5,2022,0
10,7,6.0,0,2022,1
7,1,145.0,6,2022,1
19,63,413.0,9,2022,1
4,22,328.0,5,2022,0
8,15,33.0,4,2022,0
8,63,125.0,7,2022,0
6,63,175.0,0,2022,0
24,63,45.0,15,2022,0
6,24,20.0,6,2022,0
6,2,686.0,7,2022,1
24,57,120.0,15,2022,1
13,63,120.0,6,2022,1
5,63,200.0,1,2022,0
22,63,0.0,0,2022,0
10,14,173.0,15,2022,1
10,51,749.0,0,2022,1
28,31,24700.0,1,2022,1
8,24,172.0,15,2022,1
27,63,240.0,7,2022,1
21,63,469.0,9,2022,1
25,63,143.0,11,2022,1
5,27,264.0,6,2022,0
13,63,100.0,6,2022,0
20,27,100.0,7,2022,0
13,63,42.0,5,2022,1
15,27,41.0,6,2022,1
22,63,108.0,6,2022,0
19,63,163.0,15,2022,0
8,39,91.0,5,2022,1
24,39,16.0,5,2022,0
3,51,8600.0,1,2022,0
4,5,250.0,15,2022,1
13,63,379.0,8,2022,1
24,7,122.0,1,2022,1
9,19,95.0,15,2022,1
8,55,67.0,5,2022,1
3,63,4900.0,1,2022,1
13,63,910.0,1,2022,1
8,19,188.0,15,2022,1
8,63,1300.0,1,2022,1
25,63,496.0,9,2022,1
3,24,44.0,5,2022,1
13,63,173.0,1,2022,1
22,63,169.0,7,2022,1
24,19,0.0,15,2022,1
11,63,221.0,15,2022,0
22,63,117.0,6,2022,0
20,20,0.0,15,2022,0
20,63,212.0,7,2022,1
26,62,123.0,6,2022,1
24,63,47.0,4,2022,1
24,24,1100.0,9,2022,1
13,63,44.0,5,2022,1
4,63,310.0,6,2022,0
3,63,287.0,1,2022,0
28,27,231.0,1,2022,0
20,63,974.0,0,2022,1
26,63,1200.0,1,2022,1
8,63,78.0,5,2022,1
22,63,905.0,15,2022,0
10,63,280.0,0,2022,1
24,5,0.0,0,2022,1
18,63,361.0,2,2022,0
16,63,330.0,8,2022,0
22,63,117.0,5,2022,1
8,63,24.0,4,2022,1
10,63,0.0,15,2022,0
28,19,646.0,7,2022,1
24,63,472.0,15,2022,1
20,7,91.0,6,2022,1
11,63,114.0,6,2022,1
11,63,3.0,3,2022,1
5,63,1000.0,10,2022,0
24,1,0.0,1,2022,0
6,63,136.0,15,2022,0
10,63,73.0,4,2022,0
24,24,56.0,15,2022,0
26,27,1.0,3,2022,1
26,63,21.0,0,2022,1
18,63,187.0,7,2022,1
24,63,1700.0,1,2022,1
8,63,2300.0,11,2022,1
4,51,0.0,15,2022,1
14,63,214.0,1,2022,1
13,63,215.0,6,2022,1
8,63,704.0,7,2022,0
13,63,209.0,6,2022,0
18,7,178.0,7,2022,0
26,63,80.0,5,2022,1
20,5,0.0,3,2022,1
4,1,0.0,15,2022,1
20,63,74.0,6,2022,1
4,63,0.0,4,2022,1
8,5,104.0,6,2022,1
13,7,293.0,7,2022,1
5,27,205.0,7,2022,1
11,63,11.0,4,2022,1
4,51,156.0,15,2022,0
6,63,77.0,0,2022,0
22,63,253.0,7,2022,0
20,63,467.0,15,2022,0
13,63,791.0,1,2022,1
8,63,665.0,1,2022,1
13,63,380.0,1,2022,1
24,63,305.0,1,2022,0
22,27,15.0,4,2022,1
20,63,45.0,4,2022,0
9,63,1900.0,1,2022,1
4,63,169.0,1,2022,0
20,63,20.0,4,2022,0
13,63,255.0,7,2022,1
13,63,218.0,6,2022,1
16,63,201.0,7,2022,1
24,30,42.0,4,2022,1
13,9,204.0,6,2022,1
23,1,26.0,6,2022,1
8,63,24.0,1,2022,0
6,5,40.0,5,2022,1
18,62,105.0,6,2022,1
22,63,160.0,5,2022,0
18,62,238.0,6,2022,0
13,63,301.0,7,2022,0
13,63,75.0,1,2022,1
18,7,300.0,6,2022,1
14,63,1100.0,1,2022,1
13,63,533.0,1,2022,1
18,27,58.0,1,2022,1
24,5,338.0,8,2022,1
8,63,504.0,7,2022,1
3,1,165.0,15,2022,1
24,63,114.0,6,2022,1
13,63,237.0,1,2022,1
25,7,102.0,5,2022,1
13,63,272.0,1,2022,0
8,63,814.0,15,2022,0
10,63,7.0,3,2022,0
19,63,166.0,1,2022,0
28,63,504.0,1,2022,0
10,63,478.0,1,2022,0
24,63,1400.0,1,2022,1
16,5,507.0,9,2022,1
28,63,1300.0,1,2022,1
3,63,535.0,1,2022,1
5,63,188.0,7,2022,1
18,27,76.0,1,2022,1
10,63,120.0,7,2022,0
5,63,1000.0,10,2022,0
3,63,30.0,0,2022,1
24,7,28.0,5,2022,1
18,7,42.0,4,2022,1
16,63,76.0,5,2022,0
27,63,497.0,7,2022,0
8,63,679.0,1,2022,1
24,7,0.0,5,2022,1
3,63,652.0,15,2022,1
13,63,242.0,1,2022,1
6,24,166.0,8,2022,1
27,63,85.0,0,2022,1
6,63,20.0,4,2022,1
2,7,163.0,5,2022,1
27,63,44.0,1,2022,1
13,63,100.0,6,2022,0
8,5,290.0,5,2022,0
3,63,59.0,0,2022,0
20,63,0.0,0,2022,0
6,25,20.0,5,2022,0
13,63,244.0,6,2022,1
18,7,39.0,4,2022,1
10,63,122.0,1,2022,1
11,63,39.0,5,2022,1
28,24,497.0,8,2022,0
14,63,189.0,0,2022,0
3,19,542.0,15,2022,0
18,32,9.0,2,2022,0
8,63,5600.0,1,2022,1
26,63,342.0,1,2022,1
6,24,292.0,8,2022,1
16,63,107.0,15,2022,1
21,63,175.0,6,2022,1
25,63,489.0,10,2022,1
16,30,26.0,5,2022,1
11,63,71.0,0,2022,1
16,30,26.0,5,2022,1
21,63,75.0,5,2022,1
24,63,266.0,8,2022,1
13,63,530.0,1,2022,0
19,63,151.0,1,2022,0
8,5,58.0,6,2022,1
6,63,1.0,3,2022,0
10,24,194.0,7,2022,0
19,62,0.0,15,2022,0
20,63,0.0,1,2022,0
28,63,20.0,4,2022,0
20,40,10.0,4,2022,0
18,1,18.0,5,2022,1
11,27,15.0,3,2022,1
18,63,0.0,16,2022,0
28,24,5000.0,13,2022,1
8,7,681.0,6,2022,1
10,63,229.0,7,2022,1
10,63,58.0,5,2022,1
18,63,65.0,6,2022,1
29,7,11.0,15,2022,1
4,50,11.0,15,2022,0
10,10,1700.0,1,2022,0
22,1,6.0,15,2022,0
22,63,405.0,6,2022,1
6,63,51.0,5,2022,1
8,63,510.0,0,2022,1
8,38,130.0,1,2022,1
24,63,202.0,1,2022,1
3,7,1.0,3,2022,1
6,63,426.0,1,2022,0
24,24,12.0,4,2022,0
25,63,12.0,4,2022,0
20,63,72.0,7,2022,0
19,63,17.0,0,2022,0
7,63,491.0,15,2022,0
28,63,10700.0,1,2022,1
19,63,307.0,9,2022,1
4,7,98.0,15,2022,1
18,27,60.0,8,2022,1
24,7,122.0,1,2022,1
22,19,214.0,15,2022,1
20,27,111.0,1,2022,1
8,1,41.0,5,2022,1
18,63,394.0,1,2022,1
23,63,22.0,4,2022,1
4,1,279.0,6,2022,1
20,63,974.0,0,2022,1
13,63,409.0,1,2022,1
13,63,272.0,8,2022,0
27,27,18.0,0,2022,1
13,63,69.0,6,2022,1
11,63,58.0,5,2022,1
8,5,15.0,4,2022,1
13,63,328.0,7,2022,1
26,63,0.0,15,2022,0
24,63,137.0,5,2022,0
13,63,178.0,1,2022,0
25,63,200.0,7,2022,0
21,63,62.0,0,2022,0
4,62,490.0,7,2022,1
19,63,0.0,7,2022,1
26,63,0.0,1,2022,1
9,63,404.0,9,2022,1
28,63,329.0,7,2022,1
10,63,72.0,5,2022,1
13,63,42.0,5,2022,1
13,63,247.0,8,2022,0
27,63,45.0,5,2022,0
21,63,356.0,9,2022,0
21,63,192.0,6,2022,0
20,63,0.0,2,2022,0
10,37,2800.0,1,2022,1
22,63,310.0,6,2022,1
8,63,992.0,8,2022,1
20,63,48.0,6,2022,1
28,63,4900.0,1,2022,1
25,7,125.0,6,2022,1
20,27,51.0,15,2022,1
19,63,159.0,7,2022,1
25,7,58.0,5,2022,1
11,63,1.0,3,2022,1
13,63,2000.0,1,2022,1
13,63,856.0,11,2022,1
8,63,323.0,8,2022,1
24,19,766.0,15,2022,1
11,62,0.0,15,2022,1
13,63,570.0,7,2022,0
13,63,200.0,6,2022,1
4,63,423.0,15,2022,1
18,63,245.0,5,2022,1
13,63,323.0,5,2022,0
10,63,107.0,0,2022,0
9,63,269.0,7,2022,0
3,63,0.0,0,2022,0
3,63,450.0,1,2022,0
8,24,31.0,4,2022,1
16,63,817.0,15,2022,1
24,63,265.0,15,2022,1
18,63,27.0,4,2022,1
3,63,40.0,6,2022,0
8,62,202.0,6,2022,1
11,63,115.0,6,2022,1
4,63,7.0,5,2022,1
22,63,240.0,8,2022,1
13,63,560.0,8,2022,0
2,19,45.0,5,2022,0
4,63,427.0,6,2022,0
8,49,292.0,4,2022,1
9,63,450.0,8,2022,1
16,63,336.0,6,2022,1
21,19,89.0,5,2022,1
10,63,64.0,6,2022,1
24,5,23.0,15,2022,1
3,63,120.0,6,2022,1
28,63,2100.0,7,2022,1
28,62,629.0,1,2022,0
8,63,53.0,6,2022,0
20,63,241.0,7,2022,0
10,63,3400.0,11,2022,1
10,24,63.0,5,2022,1
13,62,1100.0,1,2022,1
18,63,153.0,5,2022,1
16,41,109.0,5,2022,0
20,63,1.0,1,2022,0
24,63,61.0,15,2022,0
20,62,1000.0,7,2022,1
13,5,174.0,6,2022,1
18,63,74.0,7,2022,1
10,63,640.0,8,2022,0
13,63,225.0,7,2022,0
4,63,9.0,4,2022,0
10,63,150.0,6,2022,0
20,10,184.0,6,2022,1
10,63,50.0,5,2022,1
13,63,127.0,5,2022,1
18,63,108.0,15,2022,0
28,63,3600.0,15,2022,1
8,63,881.0,8,2022,1
18,63,20.0,15,2022,1
18,63,78.0,5,2022,1
13,63,351.0,7,2022,0
3,63,5700.0,1,2022,0
11,63,496.0,6,2022,1
24,7,122.0,1,2022,1
5,63,64.0,6,2022,1
5,63,77.0,5,2022,1
5,63,64.0,6,2022,1
10,63,344.0,5,2022,0
22,5,788.0,15,2022,1
18,63,194.0,8,2022,1
8,27,322.0,15,2022,1
5,63,569.0,8,2022,1
6,63,240.0,7,2022,1
4,22,300.0,15,2022,1
26,63,583.0,4,2022,1
8,63,28.0,4,2022,1
24,27,71.0,6,2022,1
3,27,335.0,7,2022,1
3,62,0.0,0,2022,1
16,1,69.0,6,2022,1
20,19,90.0,4,2022,1
3,1,26.0,6,2022,0
10,19,1300.0,6,2022,1
4,63,864.0,5,2022,1
13,63,263.0,7,2022,0
13,1,2.0,3,2022,0
8,1,25.0,4,2022,0
29,63,26.0,5,2022,1
28,63,300.0,1,2022,1
13,63,0.0,15,2022,1
14,63,169.0,6,2022,1
27,63,38.0,4,2022,0
24,63,310.0,1,2022,1
6,24,3.0,3,2022,1
8,63,480.0,15,2022,1
24,63,47.0,4,2022,1
26,63,849.0,9,2022,1
21,63,58.0,5,2022,1
8,19,22.0,4,2022,1
4,63,106.0,6,2022,1
15,63,5.0,3,2022,0
8,63,7.0,4,2022,0
22,63,135.0,6,2022,0
6,24,112.0,0,2022,1
20,63,1300.0,1,2022,1
3,63,770.0,7,2022,1
29,63,811.0,15,2022,1
5,63,347.0,8,2022,1
28,7,153.0,5,2022,1
14,63,8.0,15,2022,1
28,24,13.0,15,2022,1
20,19,25.0,5,2022,1
28,63,13.0,4,2022,1
19,63,82.0,5,2022,1
24,63,0.0,15,2022,0
6,63,411.0,7,2022,0
22,63,743.0,7,2022,0
24,63,72.0,6,2022,0
8,1,90.0,8,2022,0
4,10,2.0,15,2022,1
6,24,11.0,0,2022,1
24,63,690.0,8,2022,1
13,63,163.0,6,2022,1
24,63,690.0,8,2022,1
13,61,71.0,7,2022,1
5,27,250.0,15,2022,1
13,1,20.0,5,2022,1
24,1,23.0,4,2022,0
13,24,41.0,5,2022,0
24,51,55.0,4,2022,0
18,63,1600.0,1,2022,1
5,63,2000.0,1,2022,1
24,24,1500.0,15,2022,1
13,63,999.0,1,2022,1
4,1,13.0,1,2022,1
5,63,61.0,5,2022,1
8,63,283.0,15,2022,0
18,63,106.0,6,2022,1
4,2,546.0,6,2022,1
8,63,124.0,4,2022,1
8,63,137.0,6,2022,1
8,63,406.0,7,2022,1
24,63,76.0,15,2022,0
13,63,45.0,5,2022,0
19,63,121900.0,1,2022,1
26,63,500.0,9,2022,1
26,63,19.0,15,2022,1
8,63,159.0,6,2022,1
18,63,10.0,15,2022,1
20,63,10.0,4,2022,0
10,30,1.0,3,2022,0
20,63,229.0,8,2022,0
22,63,472.0,7,2022,0
13,63,1000.0,15,2022,0
19,27,111.0,5,2022,0
6,63,461.0,8,2022,1
26,63,410.0,1,2022,1
22,63,171.0,6,2022,1
26,63,410.0,1,2022,1
27,63,429.0,1,2022,1
28,63,261.0,6,2022,1
28,63,515.0,7,2022,1
25,63,51.0,5,2022,1
10,7,134.0,6,2022,1
19,32,0.0,15,2022,0
10,1,13.0,3,2022,0
8,5,460.0,5,2022,1
27,63,279.0,1,2022,1
18,63,40.0,15,2022,1
21,63,248.0,7,2022,1
10,11,202.0,6,2022,0
6,24,0.0,3,2022,0
5,63,109.0,6,2022,0
4,51,0.0,15,2022,1
13,63,7.0,15,2022,1
24,51,1000.0,8,2022,1
10,24,12.0,15,2022,1
24,7,27.0,4,2022,1
7,1,145.0,6,2022,1
19,63,32.0,15,2022,0
4,51,0.0,15,2022,0
24,24,112.0,6,2022,1
4,61,30.0,5,2022,1
6,24,838.0,11,2022,1
3,10,9400.0,15,2022,1
8,63,646.0,8,2022,1
26,63,49.0,5,2022,1
10,63,430.0,5,2022,1
22,63,178.0,7,2022,1
13,24,1600.0,15,2022,1
13,63,50.0,4,2022,0
24,17,169.0,6,2022,1
8,7,900.0,15,2022,1
10,63,863.0,8,2022,1
15,63,213.0,7,2022,1
19,27,65.0,15,2022,1
20,63,83.0,5,2022,1
3,14,7.0,15,2022,1
19,27,223.0,8,2022,1
16,7,20.0,4,2022,1
6,42,93.0,5,2022,0
22,63,44.0,5,2022,0
4,63,549.0,1,2022,1
22,63,319.0,1,2022,1
22,63,1600.0,1,2022,1
13,5,36.0,15,2022,1
13,24,6.0,4,2022,1
11,11,6.0,3,2022,1
4,63,204.0,7,2022,1
8,11,376.0,6,2022,0
10,51,0.0,15,2022,0
4,63,1000.0,8,2022,1
19,63,65.0,5,2022,1
6,63,50.0,5,2022,1
14,63,152.0,6,2022,0
20,63,811.0,1,2022,0
4,51,156.0,15,2022,1
16,24,150.0,8,2022,1
24,19,1000.0,15,2022,1
13,5,11.0,15,2022,1
8,62,133.0,15,2022,1
8,63,175.0,6,2022,1
22,63,6.0,15,2022,0
14,63,22.0,5,2022,0
22,10,2100.0,15,2022,0
26,63,926.0,6,2022,1
24,63,79.0,1,2022,1
24,55,0.0,15,2022,1
16,63,1100.0,8,2022,1
14,63,82.0,5,2022,1
24,55,56.0,1,2022,1
24,63,5.0,0,2022,1
8,51,61.0,7,2022,1
6,63,100.0,6,2022,1
19,63,22.0,6,2022,0
28,63,197.0,5,2022,0
8,19,1200.0,6,2022,0
29,63,839.0,1,2022,1
28,5,1600.0,8,2022,1
13,63,255.0,7,2022,1
24,33,26.0,15,2022,1
3,55,24.0,15,2022,0
28,62,2000.0,1,2022,1
28,62,2000.0,1,2022,1
8,24,172.0,15,2022,1
18,25,149.0,6,2022,1
28,63,783.0,1,2022,1
26,63,275.0,15,2022,1
24,63,11.0,15,2022,1
8,63,42.0,4,2022,0
8,63,35.0,5,2022,0
22,65,33.0,4,2022,0
8,7,681.0,6,2022,1
20,63,603.0,7,2022,1
8,26,681.0,6,2022,0
26,63,259.0,7,2022,0
18,63,152.0,6,2022,0
6,24,1200.0,8,2022,1
3,5,0.0,15,2022,1
3,63,108.0,6,2022,1
10,63,176.0,0,2022,1
7,1,12.0,4,2022,0
3,63,110.0,6,2022,0
28,63,20200.0,1,2022,0
13,63,522.0,7,2022,1
10,5,31.0,4,2022,1
8,63,286.0,8,2022,1
2,24,3.0,3,2022,1
18,1,0.0,15,2022,1
4,63,423.0,15,2022,1
16,63,325.0,7,2022,1
3,63,76.0,5,2022,1
10,63,28.0,4,2022,1
3,63,197.0,6,2022,1
6,63,37.0,15,2022,0
3,63,17.0,5,2022,0
8,3,202.0,5,2022,0
28,37,0.0,1,2022,1
26,63,750.0,9,2022,1
6,24,2.0,3,2022,1
4,5,250.0,15,2022,1
8,62,182.0,6,2022,1
21,63,203.0,6,2022,1
6,63,136.0,15,2022,1
29,62,32.0,5,2022,1
3,63,202.0,7,2022,1
22,63,313.0,15,2022,0
16,41,17.0,3,2022,0
3,27,0.0,1,2022,1
14,63,85.0,6,2022,1
8,63,110.0,4,2022,1
28,27,49.0,4,2022,1
6,63,26.0,4,2022,1
13,63,462.0,6,2022,0
28,61,132.0,1,2022,1
3,24,375.0,8,2022,1
8,5,50.0,15,2022,1
5,63,36.0,15,2022,0
6,24,17.0,4,2022,1
5,24,23.0,4,2022,1
8,62,118.0,15,2022,1
16,63,46.0,15,2022,0
18,63,120.0,6,2022,0
18,63,192.0,15,2022,0
24,5,365.0,1,2022,1
4,35,378.0,6,2022,1
10,46,749.0,0,2022,1
3,62,0.0,15,2022,1
26,63,1900.0,7,2022,1
8,63,1300.0,8,2022,1
8,63,121.0,6,2022,1
8,19,53.0,5,2022,1
8,19,42.0,5,2022,1
8,63,70.0,5,2022,1
16,41,109.0,5,2022,0
10,58,1800.0,8,2022,0
10,62,300.0,16,2022,0
10,19,1300.0,6,2022,1
6,25,20.0,5,2022,1
8,63,256.0,7,2022,1
8,55,3700.0,15,2022,1
8,63,216.0,1,2022,1
4,0,11.0,4,2022,1
5,27,16.0,4,2022,1
20,63,537.0,6,2022,1
3,63,33.0,5,2022,1
24,5,322.0,8,2022,0
13,24,97.0,6,2022,1
26,63,342.0,1,2022,1
19,63,174.0,5,2022,1
3,63,287.0,1,2022,1
28,24,1300.0,10,2022,1
6,24,292.0,8,2022,1
19,63,121900.0,1,2022,1
13,55,568.0,7,2022,1
3,63,195.0,6,2022,1
10,63,29.0,4,2022,1
24,63,194.0,0,2022,0
24,47,60.0,0,2022,1
13,63,209.0,0,2022,1
8,63,130.0,7,2022,1
14,63,0.0,5,2022,0
9,63,619.0,6,2022,1
6,63,37.0,4,2022,1
26,63,29.0,0,2022,0
5,63,1000.0,10,2022,1
28,63,1600.0,1,2022,1
8,63,679.0,1,2022,1
29,62,238.0,6,2022,1
26,63,342.0,1,2022,1
20,18,293.0,6,2022,1
28,63,1300.0,1,2022,1
28,63,1500.0,15,2022,1
13,63,0.0,0,2022,1
6,24,292.0,8,2022,1
8,63,202.0,0,2022,1
21,63,192.0,6,2022,1
6,63,20.0,4,2022,1
10,1,3.0,3,2022,1
7,63,41.0,4,2022,1
3,63,165.0,15,2022,1
8,63,64.0,4,2022,1
24,63,7.0,4,2022,1
8,63,128.0,6,2022,1
8,1,45.0,15,2022,0
24,63,3400.0,15,2022,0
10,27,45.0,5,2022,1
13,63,657.0,9,2022,1
6,63,130.0,7,2022,1
19,63,121900.0,1,2022,1
9,63,0.0,15,2022,1
8,63,5600.0,1,2022,1
24,7,27.0,4,2022,1
20,18,277.0,0,2022,1
18,63,58.0,5,2022,1
3,10,917.0,8,2022,1
24,5,502.0,7,2022,1
8,63,481.0,1,2022,1
8,63,665.0,1,2022,1
22,5,755.0,8,2022,1
22,5,788.0,15,2022,1
22,63,905.0,15,2022,0
14,63,152.0,6,2022,0
19,63,4.0,0,2022,1
13,63,2.0,15,2022,0
13,63,9.0,15,2022,1
13,63,255.0,7,2022,0
28,63,329.0,7,2022,1
24,24,1100.0,9,2022,1
10,63,176.0,0,2022,1
6,24,838.0,11,2022,1
10,7,16.0,1,2022,1
7,63,752.0,8,2022,1
8,63,124.0,5,2022,0
4,50,0.0,3,2022,1
19,7,3.0,1,2022,1
8,27,42.0,5,2022,1
24,24,8600.0,1,2022,1
5,19,40.0,5,2022,1
10,63,3400.0,11,2022,1
6,7,22.0,1,2022,1
24,24,228.0,7,2022,1
24,63,474.0,8,2022,0
19,55,275.0,1,2022,1
13,63,19.0,7,2022,1
24,24,62.0,5,2022,1
22,63,654.0,15,2022,1
13,63,8.0,1,2022,0
8,63,301.0,1,2022,0
22,63,905.0,15,2022,1
13,63,406.0,1,2022,1
5,63,289.0,8,2022,1
13,10,1400.0,9,2022,1
24,63,1600.0,1,2022,1
9,63,200.0,2,2022,0
8,24,85.0,5,2022,1
6,24,24.0,4,2022,1
28,63,368.0,15,2022,1
8,55,28.0,0,2022,1
10,5,118.0,7,2022,1
22,63,35.0,5,2022,1
20,63,1000.0,7,2022,1
10,63,120.0,7,2022,1
9,63,1900.0,1,2022,1
5,63,78.0,5,2022,0
22,63,133.0,15,2022,1
10,63,3400.0,11,2022,1
3,63,266.0,8,2022,1
8,63,527.0,1,2022,1
20,24,9.0,3,2022,0
28,63,8.0,0,2022,0
10,19,8300.0,1,2021,1
9,63,200.0,2,2021,0
22,63,905.0,15,2021,1
5,63,46.0,0,2021,1
22,63,97.0,1,2021,1
21,63,356.0,15,2021,1
19,63,70.0,6,2021,0
20,63,974.0,1,2021,1
10,63,229.0,7,2021,0
3,63,78.0,0,2021,0
6,63,12.0,5,2021,1
24,63,339.0,1,2021,0
26,63,1000.0,15,2021,1
6,63,14.0,4,2021,1
3,10,9400.0,15,2021,1
11,24,17.0,4,2021,1
2,63,1600.0,15,2021,1
8,62,53.0,15,2021,0
6,63,122.0,6,2021,1
19,63,16.0,5,2021,0
19,63,165.0,7,2021,1
14,63,215.0,1,2021,1
19,63,132.0,6,2021,0
19,63,37.0,0,2021,1
14,63,0.0,5,2021,0
5,63,186.0,6,2021,0
3,63,105.0,15,2021,0
10,24,194.0,15,2021,1
28,24,214.0,7,2021,1
24,63,305.0,9,2021,1
20,63,1200.0,9,2021,1
23,63,0.0,15,2021,1
10,19,39.0,0,2021,1
24,7,61.0,5,2021,1
3,24,7400.0,15,2021,1
5,62,150.0,6,2021,1
24,63,50.0,0,2021,1
10,63,763.0,0,2021,1
10,63,2400.0,15,2021,1
18,51,20.0,15,2021,1
20,63,1700.0,1,2021,1
8,63,584.0,15,2021,0
8,63,15.0,0,2021,0
6,24,11.0,0,2021,1
26,63,0.0,0,2020,1
22,7,131.0,7,2020,1
5,63,352.0,0,2020,1
29,24,3200.0,9,2020,1
11,63,120.0,6,2020,0
8,63,3.0,3,2020,1
22,63,116.0,5,2020,0
13,63,45.0,5,2020,1
13,63,0.0,15,2020,1
5,63,67.0,6,2020,0
28,63,95.0,6,2020,0
24,63,4.0,15,2020,1
26,63,14.0,4,2020,0
24,63,102.0,15,2020,0
27,63,42.0,1,2020,1
13,63,13.0,4,2020,1
22,63,560.0,6,2020,1
10,63,67.0,5,2020,0
6,63,8.0,4,2020,1
19,63,1800.0,2,2020,0
10,25,914.0,13,2020,0
29,19,656.0,8,2020,1
18,24,28.0,0,2020,1
14,63,105.0,0,2020,0
13,63,356.0,7,2020,1
19,63,4.0,5,2020,0
28,62,2.0,2,2020,0
22,10,19500.0,11,2020,0
18,63,18.0,4,2020,0
5,63,158.0,4,2020,1
19,62,41.0,0,2020,1
22,63,13.0,4,2020,0
28,63,67.0,0,2020,1
28,63,132.0,5,2020,0
6,63,23.0,5,2020,0
16,63,0.0,1,2020,0
24,61,30.0,4,2020,0
19,63,95.0,0,2020,1
8,51,97.0,15,2020,1
29,24,548.0,1,2020,1
25,63,65.0,1,2020,1
23,63,0.0,0,2020,0
14,1,36.0,1,2020,1
19,63,10.0,0,2020,0
5,63,76.0,6,2020,0
13,62,16.0,3,2020,1
29,19,1.0,3,2020,0
14,63,10.0,4,2020,0
3,10,105.0,15,2020,0
24,7,122.0,1,2020,1
21,63,350.0,9,2020,0
28,63,45.0,15,2020,0
3,63,2.0,15,2020,1
10,51,1.0,3,2020,1
24,63,186.0,7,2020,1
28,64,2.0,3,2020,0
10,7,53.0,5,2020,1
25,63,20.0,15,2020,1
29,37,0.0,0,2020,1
24,63,42.0,0,2020,1
8,63,472.0,0,2020,0
10,63,13.0,15,2020,0
2,63,649.0,15,2020,1
10,24,1600.0,12,2020,1
8,19,60.0,5,2020,1
11,62,30.0,15,2020,0
11,63,309.0,7,2020,1
24,25,27.0,5,2020,0
23,63,154.0,0,2020,1
8,63,15.0,5,2020,1
9,24,405.0,7,2020,1
29,7,22.0,4,2020,0
18,63,251.0,7,2020,1
29,62,197.0,0,2020,1
19,63,308.0,9,2020,0
3,63,56.0,1,2020,1
16,24,70.0,6,2020,1
24,51,307.0,7,2020,1
8,24,26.0,0,2020,1
8,63,746.0,1,2020,1
8,63,1200.0,1,2020,0
22,63,117.0,6,2020,1
18,63,38.0,7,2020,1
19,63,19.0,6,2020,1
3,63,58.0,6,2020,1
18,63,101.0,6,2020,1
23,63,132.0,7,2020,0
2,63,1300.0,8,2020,1
28,24,214.0,7,2020,1
28,19,3600.0,15,2020,1
24,63,102.0,15,2020,1
14,63,215.0,1,2020,1
24,63,4.0,15,2020,0
28,63,1200.0,6,2020,0
27,63,228.0,9,2020,0
18,63,0.0,1,2020,1
3,63,455.0,1,2020,1
29,63,3200.0,9,2020,0
28,25,4800.0,9,2020,1
8,63,103.0,6,2020,1
21,63,3.0,3,2020,1
8,63,18.0,1,2020,1
22,62,19500.0,11,2020,1
19,63,32.0,5,2020,1
8,24,582.0,2,2020,1
8,24,496.0,10,2020,1
28,51,9900.0,12,2020,1
5,63,40.0,1,2020,1
13,63,50.0,6,2020,1
5,63,117.0,0,2020,0
24,63,10.0,5,2020,0
28,37,24700.0,1,2020,1
8,63,50.0,5,2020,1
14,6,0.0,15,2020,1
24,63,2.0,3,2020,1
19,63,0.0,15,2020,1
27,7,40.0,15,2020,1
19,63,139.0,7,2020,1
8,63,106.0,6,2020,1
26,63,52.0,6,2020,1
21,63,29.0,4,2020,1
28,63,75.0,6,2020,0
8,62,324.0,9,2020,1
1,63,1.0,15,2020,1
28,63,117.0,7,2020,1
8,63,120.0,9,2020,1
28,19,55.0,0,2020,1
28,63,3100.0,2,2020,1
8,63,453.0,6,2020,1
5,63,58.0,5,2020,1
3,63,10.0,0,2020,1
24,63,79.0,1,2020,1
29,24,548.0,1,2020,1
22,63,24.0,6,2020,1
8,63,732.0,6,2020,1
22,63,17.0,4,2020,1
3,24,224.0,15,2020,1
28,63,340.0,1,2020,1
3,63,19.0,0,2020,1
11,1,157.0,8,2020,1
24,63,7.0,4,2020,1
6,63,89.0,0,2020,1
8,5,30.0,15,2020,1
28,24,24700.0,1,2020,1
6,63,108.0,0,2020,1
8,63,207.0,15,2020,1
28,24,247.0,7,2020,1
20,26,0.0,15,2020,1
18,63,146.0,0,2020,1
29,24,3.0,4,2020,1
21,63,30.0,4,2020,1
28,18,100.0,0,2020,0
28,24,3800.0,13,2020,1
16,63,530.0,9,2020,1
29,63,62.0,5,2020,1
8,63,2500.0,2,2020,1
18,24,222.0,7,2020,1
27,63,240.0,7,2020,1
24,24,157.0,7,2020,1
29,62,88.0,5,2020,1
21,62,0.0,15,2020,1
8,63,252.0,6,2020,0
28,63,24700.0,1,2020,1
29,51,0.0,0,2020,1
10,24,1600.0,12,2020,1
22,24,19500.0,11,2020,1
14,63,553.0,8,2020,1
15,63,0.0,2,2020,1
26,27,92.0,0,2020,0
14,63,63.0,6,2020,0
22,24,300.0,15,2020,1
10,24,914.0,13,2020,1
8,24,200.0,15,2020,1
11,63,49.0,6,2020,1
24,63,3.0,3,2020,0
28,63,5300.0,0,2020,1
19,63,0.0,0,2020,1
18,63,116.0,0,2020,1
28,63,73.0,5,2020,1
8,63,69.0,15,2020,1
26,63,106.0,7,2020,0
3,37,8.0,15,2020,0
18,63,375.0,6,2020,0
24,63,80.0,6,2020,1
25,5,2.0,15,2020,1
8,63,10.0,15,2020,1
21,7,0.0,0,2020,1
5,63,46.0,6,2020,1
26,63,111.0,8,2020,0
9,65,1.0,3,2020,0
20,63,574.0,6,2020,0
8,5,0.0,1,2020,1
22,63,79.0,5,2020,1
5,63,77.0,5,2020,1
23,63,52.0,7,2020,1
6,7,104.0,7,2020,1
14,63,100.0,0,2020,0
8,63,47.0,5,2020,0
8,62,837.0,7,2020,1
22,63,133.0,6,2020,1
8,63,782.0,7,2020,1
28,63,11.0,0,2020,1
23,63,204.0,0,2020,1
8,56,78.0,5,2020,1
8,63,263.0,8,2020,1
25,63,145.0,7,2020,1
8,63,92.0,6,2020,1
29,25,0.0,15,2020,0
28,63,24700.0,1,2020,1
5,63,0.0,2,2020,1
6,63,15.0,0,2020,1
18,63,60.0,1,2020,1
5,63,283.0,7,2020,1
8,39,170.0,5,2020,0
5,63,743.0,8,2020,0
29,63,5400.0,2,2020,1
3,63,1500.0,15,2020,1
23,63,181.0,7,2020,1
23,63,68.0,7,2020,1
25,16,90.0,6,2020,1
23,63,84.0,6,2020,1
14,63,1000.0,1,2020,0
23,63,74.0,6,2020,0
13,7,76.0,15,2020,0
9,24,404.0,7,2020,1
28,61,771.0,0,2020,1
8,22,175.0,5,2020,1
26,16,7.0,4,2020,1
20,7,257.0,5,2020,1
11,1,106.0,5,2020,1
25,7,11.0,4,2020,1
13,63,184.0,1,2020,0
29,19,55.0,0,2020,0
24,27,386.0,7,2020,1
20,63,46.0,1,2020,1
29,62,2400.0,9,2020,1
11,63,217.0,8,2020,1
19,62,102.0,5,2020,1
3,63,82.0,4,2020,1
13,63,10.0,4,2020,1
8,45,80.0,15,2020,1
19,63,28.0,6,2020,1
28,63,24.0,0,2020,0
29,24,1.0,3,2020,0
25,63,32.0,0,2020,1
3,63,156.0,0,2020,1
1,63,75.0,15,2020,0
5,63,660.0,8,2020,0
19,63,145.0,8,2020,0
10,63,15.0,4,2020,0
28,63,4900.0,1,2020,1
22,63,2250.0,11,2020,1
29,63,229.0,0,2020,1
10,63,89.0,5,2020,1
28,63,765.0,7,2020,1
16,63,128.0,7,2020,1
8,52,23.0,5,2020,0
29,63,3.0,1,2020,1
8,39,0.0,15,2020,1
10,62,1500.0,10,2020,1
5,63,156.0,15,2020,1
18,63,70.0,15,2020,1
8,63,71.0,5,2020,1
24,63,2.0,3,2020,1
20,63,436.0,8,2020,0
8,63,37.0,5,2020,0
20,63,840.0,5,2020,1
22,63,24.0,4,2020,1
23,63,4.0,3,2020,0
29,5,2400.0,9,2020,1
10,25,0.0,4,2020,1
20,63,17.0,5,2020,1
28,63,88.0,5,2020,1
27,7,60.0,5,2020,1
18,63,7.0,4,2020,1
8,63,15.0,5,2020,1
29,19,30.0,5,2020,1
13,63,29.0,5,2020,1
3,63,12.0,15,2020,1
6,5,2.0,4,2020,1
19,63,54.0,0,2020,0
8,62,122.0,8,2020,0
24,63,160.0,6,2020,1
11,63,583.0,6,2020,1
5,63,274.0,9,2020,1
13,63,1300.0,15,2020,1
18,63,68.0,6,2020,1
16,63,665.0,7,2020,0
24,63,78.0,0,2020,0
18,63,50.0,5,2020,0
3,63,2600.0,8,2020,1
11,63,24.0,5,2020,1
28,63,52.0,4,2020,1
29,25,0.0,15,2020,0
5,63,17.0,4,2020,0
26,63,61.0,6,2020,0
2,1,15.0,1,2020,0
10,24,1600.0,12,2020,1
8,24,2200.0,15,2020,1
8,63,392.0,1,2020,1
3,63,613.0,8,2020,1
24,63,339.0,1,2020,1
13,63,42.0,5,2020,1
8,7,75.0,5,2020,1
19,63,165.0,7,2020,1
6,63,48.0,5,2020,1
19,63,0.0,15,2020,1
16,27,84.0,7,2020,1
29,22,521.0,7,2020,1
4,63,10.0,15,2020,1
18,63,58.0,7,2020,1
8,35,38.0,5,2020,1
27,5,1.0,3,2020,1
28,63,71.0,6,2020,1
13,63,50.0,6,2020,1
13,63,100.0,6,2020,1
29,63,41.0,5,2020,0
8,63,126.0,8,2020,0
16,24,293.0,7,2020,1
6,5,37.0,7,2020,1
23,63,110.0,7,2020,1
22,5,335.0,7,2020,1
22,5,263.0,6,2020,1
24,51,307.0,7,2020,1
6,14,34.0,5,2020,1
10,63,478.0,12,2020,1
18,63,100.0,6,2020,1
26,63,1.0,15,2020,1
4,63,69.0,5,2020,0
20,63,18.0,4,2020,0
10,63,96.0,0,2020,0
18,7,59.0,15,2020,0
28,63,1.0,1,2020,1
8,51,42.0,5,2020,1
18,24,76.0,6,2020,1
18,7,11.0,4,2020,0
18,63,59.0,6,2020,0
24,63,16.0,4,2020,0
18,63,0.0,15,2020,0
4,63,1.0,3,2020,0
22,63,2.0,4,2020,0
22,63,1500.0,8,2020,1
3,63,288.0,1,2020,1
24,24,19.0,6,2020,1
10,63,423.0,15,2020,1
8,63,447.0,8,2020,1
8,25,160.0,7,2020,1
11,63,72.0,6,2020,1
28,63,40.0,4,2020,1
24,7,51.0,5,2020,1
24,63,34.0,6,2020,1
20,63,100.0,0,2020,0
3,25,7.0,4,2020,0
7,63,1800.0,11,2020,0
24,63,358.0,1,2020,1
10,7,224.0,8,2020,1
11,63,59.0,5,2020,1
3,63,90.0,5,2020,1
3,63,132.0,7,2020,1
5,63,190.0,8,2020,1
11,5,5.0,15,2020,1
8,63,584.0,15,2020,0
29,51,134.0,6,2020,0
24,63,1400.0,1,2020,1
28,63,955.0,5,2020,1
8,5,120.0,5,2020,1
16,63,12.0,4,2020,1
8,7,119.0,5,2020,1
19,63,185.0,15,2020,1
29,63,3.0,15,2020,1
8,5,14.0,5,2020,1
23,63,29.0,6,2020,1
5,63,85.0,15,2020,1
2,63,35.0,5,2020,1
14,63,1.0,15,2020,1
19,63,0.0,15,2020,1
8,63,119.0,6,2020,0
3,63,56.0,1,2020,1
8,63,324.0,9,2020,1
15,63,410.0,5,2020,1
8,5,26.0,5,2020,1
5,63,689.0,1,2020,1
5,63,114.0,7,2020,1
27,63,59.0,5,2020,1
24,7,28.0,5,2020,1
5,63,138.0,5,2020,1
6,7,0.0,15,2020,1
18,62,32.0,15,2020,1
4,63,18.0,15,2020,0
4,62,40.0,5,2020,0
8,63,217.0,15,2020,0
3,63,332.0,1,2020,1
24,24,215.0,7,2020,1
28,63,95.0,6,2020,1
8,63,40.0,5,2020,1
23,63,72.0,6,2020,1
27,45,91.0,6,2020,1
18,63,64.0,6,2020,1
22,63,40.0,5,2020,1
18,63,65.0,6,2020,1
18,63,0.0,15,2020,1
18,63,106.0,6,2020,1
23,5,23.0,15,2020,1
21,7,0.0,15,2020,1
3,5,16.0,5,2020,1
10,63,26.0,4,2020,1
8,5,314.0,7,2020,0
18,63,58.0,6,2020,0
29,51,134.0,6,2020,0
8,63,35.0,4,2020,0
8,39,1.0,15,2020,0
24,63,140.0,7,2020,0
10,63,902.0,9,2020,1
10,63,319.0,7,2020,1
13,63,438.0,1,2020,1
22,63,319.0,1,2020,1
18,63,367.0,8,2020,1
8,63,0.0,15,2020,1
24,63,85.0,7,2020,1
13,63,175.0,6,2020,1
24,63,181.0,7,2020,1
18,63,607.0,2,2020,1
19,63,190.0,15,2020,1
11,63,0.0,15,2020,1
8,63,99.0,6,2020,1
27,63,15.0,4,2020,0
18,63,41.0,2,2020,0
8,63,293.0,8,2020,1
18,5,1.0,4,2020,1
18,63,75.0,5,2020,1
8,5,0.0,15,2020,1
18,63,28.0,0,2020,1
27,63,92.0,6,2020,1
28,7,21.0,5,2020,1
8,7,72.0,5,2020,1
11,63,50.0,2,2020,1
4,7,25.0,1,2020,0
29,63,183.0,7,2020,0
5,63,227.0,6,2020,0
1,63,100.0,15,2020,1
3,33,348.0,15,2020,1
9,5,300.0,7,2020,1
18,63,162.0,7,2020,1
29,5,0.0,15,2020,1
24,63,297.0,8,2020,1
28,63,225.0,15,2020,1
28,63,955.0,5,2020,1
29,25,0.0,15,2020,1
16,63,35.0,5,2020,1
24,63,97.0,7,2020,1
8,63,40.0,5,2020,1
14,63,247.0,7,2020,1
19,63,80.0,8,2020,1
19,63,80.0,8,2020,1
13,7,24.0,4,2020,1
13,63,14.0,4,2020,1
19,63,0.0,15,2020,1
24,63,4.0,4,2020,1
29,63,0.0,15,2020,1
19,63,0.0,15,2020,1
5,63,16.0,4,2020,0
11,63,64.0,5,2020,0
29,13,41.0,5,2020,0
11,63,7.0,4,2020,0
23,63,28.0,5,2020,0
22,63,117.0,6,2020,0
9,63,114.0,1,2020,1
2,63,1200.0,7,2020,1
10,7,112.0,6,2020,1
9,63,549.0,8,2020,1
9,19,109.0,7,2020,1
28,55,167.0,5,2020,1
22,63,222.0,7,2020,1
24,63,253.0,7,2020,1
24,63,68.0,5,2020,1
26,63,152.0,5,2020,1
11,63,65.0,0,2020,1
28,24,122.0,6,2020,1
23,63,118.0,2,2020,1
18,63,102.0,6,2020,1
11,63,114.0,8,2020,1
19,63,50.0,7,2020,1
14,63,151.0,15,2020,1
11,63,40.0,5,2020,1
18,63,16.0,5,2020,1
6,63,2.0,15,2020,1
8,24,8.0,15,2020,1
10,63,6.0,4,2020,1
22,63,0.0,15,2020,0
24,24,102.0,2,2020,0
24,63,70.0,6,2020,0
24,61,0.0,15,2020,0
20,63,0.0,15,2020,0
3,63,48.0,5,2020,1
29,36,0.0,15,2020,1
13,63,75.0,5,2020,1
18,63,159.0,7,2020,1
19,19,9.0,4,2020,1
8,63,190.0,6,2020,1
23,63,52.0,6,2020,1
8,24,143.0,15,2020,1
28,63,0.0,15,2020,1
26,27,100.0,6,2020,1
18,63,16.0,4,2020,1
29,63,11.0,4,2020,1
8,7,50.0,5,2020,1
18,63,46.0,6,2020,1
13,63,15.0,4,2020,1
8,63,0.0,15,2020,0
24,63,197.0,7,2020,0
24,63,62.0,6,2020,0
2,63,46.0,6,2020,0
18,63,81.0,6,2020,0
29,63,33.0,5,2020,0
16,63,227.0,7,2020,1
18,63,89.0,6,2020,1
3,63,310.0,10,2020,1
28,63,467.0,8,2020,1
16,63,69.0,7,2020,1
22,63,0.0,0,2020,1
18,63,55.0,15,2020,1
23,63,26.0,5,2020,1
9,63,91.0,6,2020,1
18,63,26.0,5,2020,1
29,63,67.0,6,2020,0
18,63,4.0,3,2020,0
29,63,116.0,5,2020,0
11,63,8.0,4,2020,0
8,63,0.0,15,2020,0
14,63,130.0,8,2020,0
3,63,423.0,9,2020,1
7,63,423.0,7,2020,1
29,24,48.0,5,2020,1
11,27,45.0,4,2020,1
8,63,110.0,6,2020,1
19,63,77.0,1,2020,1
16,63,0.0,15,2020,1
20,63,110.0,8,2020,1
28,16,82.0,4,2020,1
22,63,18.0,4,2020,1
24,63,75.0,4,2020,1
10,63,15.0,3,2020,1
24,63,31.0,6,2020,0
23,63,219.0,5,2020,1
18,63,25.0,5,2020,1
3,63,13.0,4,2020,1
29,24,47.0,7,2020,1
22,63,2250.0,11,2020,1
24,63,541.0,9,2020,0
1,62,3000.0,15,2020,1
28,63,623.0,7,2020,1
3,51,95.0,15,2020,1
24,63,18.0,15,2020,1
5,63,430.0,8,2020,1
10,63,127.0,6,2020,1
22,63,77.0,5,2020,1
22,63,560.0,6,2020,1
28,63,403.0,7,2020,1
28,63,107.0,0,2020,1
8,7,201.0,1,2020,1
15,63,133.0,8,2020,1
2,63,12.0,4,2020,1
8,7,49.0,5,2020,1
22,5,263.0,6,2020,1
10,63,20.0,3,2020,1
10,63,60.0,6,2020,1
23,63,41.0,15,2020,1
18,63,25.0,5,2020,1
24,63,68.0,5,2020,1
8,5,0.0,4,2020,0
6,63,0.0,15,2020,0
14,63,273.0,11,2020,0
24,63,88.0,6,2020,1
29,24,0.0,15,2020,1
14,63,149.0,9,2020,1
7,7,149.0,6,2020,1
28,63,123.0,7,2020,1
22,63,34.0,5,2020,1
24,63,47.0,5,2020,1
20,63,5.0,3,2020,1
18,63,35.0,5,2020,0
29,63,981.0,7,2020,1
22,63,179.0,5,2020,1
21,7,0.0,15,2020,1
19,63,0.0,15,2020,1
29,63,26.0,5,2020,1
18,63,48.0,6,2020,1
6,63,24.0,4,2020,1
19,63,35.0,5,2020,1
21,63,233.0,15,2020,1
5,63,22.0,4,2020,1
22,63,5.0,4,2020,0
3,63,296.0,7,2020,0
22,63,180.0,5,2020,0
24,63,8.0,4,2020,0
29,63,359.0,7,2020,1
3,63,0.0,15,2020,1
10,63,20.0,5,2020,1
22,63,79.0,5,2020,1
29,63,35.0,5,2020,1
24,7,0.0,15,2020,0
11,63,47.0,15,2020,0
28,63,117.0,7,2020,0
22,63,1600.0,10,2020,1
22,63,280.0,7,2020,1
24,63,2.0,0,2020,1
29,63,36.0,5,2020,1
18,63,0.0,0,2020,1
5,63,7.0,15,2020,1
23,63,48.0,5,2020,1
8,63,94.0,6,2020,1
29,63,3.0,3,2020,0
24,63,70.0,6,2020,0
9,63,164.0,5,2020,0
9,63,120.0,0,2020,1
29,63,39.0,5,2020,1
14,7,7.0,3,2020,1
19,63,16.0,4,2020,1
29,63,5.0,3,2020,0
29,63,526.0,6,2020,0
28,24,214.0,7,2020,1
23,63,0.0,15,2020,1
29,63,17.0,5,2020,1
29,63,81.0,6,2020,1
26,27,74.0,4,2020,0
9,63,13.0,15,2020,0
24,63,0.0,0,2020,0
18,63,4.0,3,2020,1
29,63,79.0,6,2020,1
27,63,6.0,3,2020,1
29,63,5.0,3,2020,0
28,63,45.0,15,2020,1
3,63,1.0,3,2020,1
24,63,90.0,6,2020,1
16,63,12.0,4,2020,1
